{
  "T": [
    1.5,
    1.600000023841858,
    1.7000000476837158,
    1.7999999523162842,
    1.899999976158142,
    2.0,
    2.0999999046325684,
    2.200000047683716,
    2.299999952316284,
    2.4000000953674316,
    2.5,
    2.5999999046325684,
    2.700000047683716,
    2.799999952316284,
    2.9000000953674316,
    3.0,
    3.0999999046325684,
    3.200000047683716,
    3.299999952316284,
    3.4000000953674316,
    3.5
  ],
  "abs_mag": [
    0.986463189125061,
    0.9795451164245605,
    0.9700795412063599,
    0.45573607087135315,
    0.8626509308815002,
    0.9110157489776611,
    0.868804395198822,
    0.785869836807251,
    0.25821954011917114,
    0.08203790336847305,
    0.04909912124276161,
    0.037489503622055054,
    0.030330931767821312,
    0.026323486119508743,
    0.02316943369805813,
    0.020768554881215096,
    0.019203247502446175,
    0.018330443650484085,
    0.01696331799030304,
    0.016182677820324898,
    0.015756957232952118
  ],
  "abs_mag_err": [
    3.529011883074418e-05,
    4.531772356131114e-05,
    6.09808303124737e-05,
    0.008289090357720852,
    0.005057554692029953,
    0.00015358794189523906,
    0.0002419173251837492,
    0.000582532084081322,
    0.0036487735342234373,
    0.0013478819746524096,
    0.0008307945099659264,
    0.0006327064475044608,
    0.0005161521257832646,
    0.0004432166460901499,
    0.0003889357321895659,
    0.00034944675280712545,
    0.00032368802931159735,
    0.00031084968941286206,
    0.00027324570692144334,
    0.0002750698185991496,
    0.0002664285711944103
  ],
  "chi": [
    0.02734375,
    0.04150390625,
    0.07180606573820114,
    2145.9140625,
    440.9210510253906,
    0.38623046875,
    0.9123884439468384,
    5.0514912605285645,
    662.9127197265625,
    69.45619201660156,
    24.838829040527344,
    13.876556396484375,
    8.811893463134766,
    6.352355480194092,
    4.7411208152771,
    3.6857516765594482,
    3.0546419620513916,
    2.7090988159179688,
    2.1696202754974365,
    1.9903980493545532,
    1.826462984085083
  ],
  "chi_abs": [
    0.02734375,
    0.04150390625,
    0.07180606573820114,
    1250.1842041015625,
    440.9210510253906,
    0.38623046875,
    0.9123884439468384,
    5.0514912605285645,
    189.58262634277344,
    24.79279136657715,
    9.042322158813477,
    5.042708873748779,
    3.2316510677337646,
    2.2977709770202637,
    1.70840322971344,
    1.3331332206726074,
    1.1069401502609253,
    0.9889712929725647,
    0.7410123348236084,
    0.7288525700569153,
    0.6642420887947083
  ],
  "config": {
    "L": 128,
    "T_max": 3.5,
    "T_min": 1.5,
    "device": "cuda",
    "n_burnin": 8000,
    "n_sweeps": 40000,
    "n_temps": 21,
    "sample_every": 20,
    "seed": 1010
  },
  "energy": [
    -1.9509676694869995,
    -1.9280203580856323,
    -1.898213505744934,
    -1.8236063718795776,
    -1.803428053855896,
    -1.7448816299438477,
    -1.662235140800476,
    -1.5472229719161987,
    -1.3444173336029053,
    -1.2038016319274902,
    -1.106313943862915,
    -1.0282819271087646,
    -0.9639172554016113,
    -0.9086235165596008,
    -0.8594609498977661,
    -0.8170903325080872,
    -0.7790683507919312,
    -0.7450350522994995,
    -0.7143370509147644,
    -0.6857848167419434,
    -0.6598556041717529
  ],
  "experiment": "M01-ising-verification",
  "generated_at": "2026-07-24T14:15:50.257661+00:00",
  "headline": "χ peaked at T≈1.800 vs Onsager 2.2692 · 11s on GPU",
  "provenance": {
    "dependencies": {
      "matplotlib": "3.11.1",
      "numpy": "2.5.1",
      "torch": "2.10.0.dev20251031+rocm6.4"
    },
    "platform": "linux-x86_64",
    "python": "3.14.4",
    "source_clean": true,
    "source_commit": "f0ce2a6d56b19a531cbb68b06eed6abf637ac920",
    "source_diff_sha256": null,
    "source_tree_sha256": "4f7c62205c71ec976adbae4b84d54dfd7bf44bf2772c10525b2bc339ba2f5c83"
  },
  "public_receipt": {
    "claim_boundary": "Saved measurements can be regraded; this receipt is not a simulation rerun.",
    "omitted": [
      {
        "path": "snapshots",
        "reason": "large visual lattice snapshots",
        "sha256": "ad27a566fbff2ce6b82df47a3e41037bbc374f991176a4e9e37935742e295263"
      }
    ],
    "schema": "windowsill.measurement-receipt.v1",
    "source_report_sha256": "f6382abf7f23e164b6ad85b0680066bc96aa9507355e3caa2d3b906341e34357"
  },
  "report_schema_version": 1,
  "reproduction": {
    "regrade": "python -m lab.cli verify M01",
    "rerun": "python -m lab.cli run"
  },
  "specific_heat": [
    0.19851726293563843,
    0.25385743379592896,
    0.3582661747932434,
    3.711770534515381,
    1.9261606931686401,
    0.7437011003494263,
    0.9455984830856323,
    1.3891146183013916,
    2.009286880493164,
    1.155745267868042,
    0.8441994190216064,
    0.7011945247650146,
    0.6132130026817322,
    0.5293915271759033,
    0.4652598798274994,
    0.3927391469478607,
    0.35948148369789124,
    0.341716468334198,
    0.30009907484054565,
    0.2602631747722626,
    0.2411239594221115
  ],
  "wall_seconds": 10.54638409614563
}
