{
  "T": [
    1.5,
    1.600000023841858,
    1.7000000476837158,
    1.7999999523162842,
    1.899999976158142,
    2.0,
    2.0999999046325684,
    2.200000047683716,
    2.299999952316284,
    2.4000000953674316,
    2.5,
    2.5999999046325684,
    2.700000047683716,
    2.799999952316284,
    2.9000000953674316,
    3.0,
    3.0999999046325684,
    3.200000047683716,
    3.299999952316284,
    3.4000000953674316,
    3.5
  ],
  "abs_mag": [
    0.9865297675132751,
    0.7870267629623413,
    0.9699787497520447,
    0.9569421410560608,
    0.852017343044281,
    0.9113091826438904,
    0.8689789175987244,
    0.7817215919494629,
    0.20885290205478668,
    0.08392412960529327,
    0.04826861619949341,
    0.03736444190144539,
    0.03011358715593815,
    0.027060486376285553,
    0.022321898490190506,
    0.020957335829734802,
    0.019458618015050888,
    0.01809784024953842,
    0.01671752892434597,
    0.01660040207207203,
    0.015405762009322643
  ],
  "abs_mag_err": [
    3.518855373840779e-05,
    0.007692198734730482,
    6.07244364800863e-05,
    8.155377145158127e-05,
    0.004845508374273777,
    0.0001548124273540452,
    0.00024043839948717505,
    0.0006389986956492066,
    0.0032751213293522596,
    0.0014370455173775554,
    0.0008227775688283145,
    0.000634336203802377,
    0.000506162061356008,
    0.00044666952453553677,
    0.0003860193828586489,
    0.0003677140921354294,
    0.0003334962821099907,
    0.00029491513851098716,
    0.00028428458608686924,
    0.0002741871867328882,
    0.0002638661244418472
  ],
  "chi": [
    0.02799479104578495,
    1385.1629638671875,
    0.07123161852359772,
    0.1199001744389534,
    407.3704833984375,
    0.39306640625,
    0.9016927480697632,
    6.0791015625,
    375.73126220703125,
    76.09542846679688,
    24.137454986572266,
    13.865415573120117,
    8.610404968261719,
    6.611965656280518,
    4.497820854187012,
    3.874772071838379,
    3.175631284713745,
    2.5645267963409424,
    2.18955397605896,
    2.05100679397583,
    1.7586851119995117
  ],
  "chi_abs": [
    0.02799479104578495,
    1211.19384765625,
    0.07123161852359772,
    0.1199001744389534,
    404.72296142578125,
    0.39306640625,
    0.9016927480697632,
    6.0791015625,
    152.74244689941406,
    28.1814022064209,
    8.86865234375,
    5.068721294403076,
    3.10776424407959,
    2.333712339401245,
    1.6828795671463013,
    1.4761552810668945,
    1.1750409603118896,
    0.8901777863502502,
    0.8020944595336914,
    0.7241829633712769,
    0.6515262722969055
  ],
  "config": {
    "L": 128,
    "T_max": 3.5,
    "T_min": 1.5,
    "device": "cuda",
    "n_burnin": 8000,
    "n_sweeps": 40000,
    "n_temps": 21,
    "sample_every": 20,
    "seed": 1007
  },
  "energy": [
    -1.9512399435043335,
    -1.9154505729675293,
    -1.8978794813156128,
    -1.859554648399353,
    -1.8015872240066528,
    -1.745634913444519,
    -1.6622564792633057,
    -1.5452184677124023,
    -1.3410406112670898,
    -1.2049391269683838,
    -1.1061073541641235,
    -1.0285106897354126,
    -0.963705837726593,
    -0.9081164598464966,
    -0.8596653938293457,
    -0.8171936273574829,
    -0.7794604301452637,
    -0.7453005313873291,
    -0.7146163582801819,
    -0.6858839392662048,
    -0.6609393358230591
  ],
  "experiment": "M01-ising-verification",
  "generated_at": "2026-07-24T02:14:26.769747+00:00",
  "headline": "χ peaked at T≈1.600 vs Onsager 2.2692 · 10s on GPU",
  "provenance": {
    "dependencies": {
      "matplotlib": "3.11.1",
      "numpy": "2.5.1",
      "torch": "2.10.0.dev20251031+rocm6.4"
    },
    "platform": "linux-x86_64",
    "python": "3.14.4",
    "source_clean": true,
    "source_commit": "86ac878dcfb8da80072b89ca9c1b351737bb1cd4",
    "source_diff_sha256": null,
    "source_tree_sha256": "4f7c62205c71ec976adbae4b84d54dfd7bf44bf2772c10525b2bc339ba2f5c83"
  },
  "public_receipt": {
    "claim_boundary": "Saved measurements can be regraded; this receipt is not a simulation rerun.",
    "omitted": [
      {
        "path": "snapshots",
        "reason": "large visual lattice snapshots",
        "sha256": "8796d812dfc88e4a524d758f636d96099a5633bdbda953b2ead897be61f5bd08"
      }
    ],
    "schema": "windowsill.measurement-receipt.v1",
    "source_report_sha256": "e36fdd9bb216449e79694adaeae713379c8ea35522355b010e24d167022758c2"
  },
  "report_schema_version": 1,
  "reproduction": {
    "regrade": "python -m lab.cli verify M01",
    "rerun": "python -m lab.cli run"
  },
  "specific_heat": [
    0.19529694318771362,
    3.26977276802063,
    0.34980466961860657,
    0.4673440456390381,
    2.2508604526519775,
    0.7243632674217224,
    0.9500679969787598,
    1.506662368774414,
    1.9028018712997437,
    1.1258726119995117,
    0.8694055676460266,
    0.6977065205574036,
    0.5785729289054871,
    0.511120617389679,
    0.44026878476142883,
    0.4256068170070648,
    0.36207446455955505,
    0.3263973891735077,
    0.28445085883140564,
    0.278499037027359,
    0.24061323702335358
  ],
  "wall_seconds": 10.319139003753662
}
