{
  "L_values": [
    4,
    6,
    8
  ],
  "T": [
    0.4000000059604645,
    0.5333333611488342,
    0.6666666865348816,
    0.8000000715255737,
    0.9333333969116211,
    1.066666603088379,
    1.2000000476837158,
    1.3333333730697632,
    1.4666666984558105,
    1.600000023841858
  ],
  "binder_by_L": {
    "4": [
      0.7767606377601624,
      0.7693275213241577,
      0.7239336967468262,
      0.6618788242340088,
      0.6310070157051086,
      0.5560891628265381,
      0.5490483641624451,
      0.41337788105010986,
      0.4184969663619995,
      0.3003958463668823
    ],
    "6": [
      0.8760018348693848,
      0.8522841334342957,
      0.8510520458221436,
      0.8333725929260254,
      0.7483305931091309,
      0.6958149671554565,
      0.6228175759315491,
      0.5432811975479126,
      0.5239339470863342,
      0.40791189670562744
    ],
    "8": [
      0.9132030010223389,
      0.8613312840461731,
      0.8106920719146729,
      0.7852126359939575,
      0.7953401207923889,
      0.7857433557510376,
      0.7430086135864258,
      0.679959774017334,
      0.6121983528137207,
      0.4360133409500122
    ]
  },
  "config": {
    "L_values": [
      4,
      6,
      8
    ],
    "T_max": 1.6,
    "T_min": 0.4,
    "device": "cpu",
    "disorder": "bimodal-pm-J",
    "model": "edwards-anderson-3d",
    "n_burnin": 400,
    "n_realizations": 8,
    "n_sweeps": 800,
    "n_temps": 10,
    "seed": 42,
    "swap_every": 5,
    "updater": "checkerboard-metropolis+parallel-tempering"
  },
  "crossing_T": 0.5577,
  "crossing_mean_T": 0.5577,
  "crossing_pairs": [
    {
      "L1": 6,
      "L2": 8,
      "T": 0.5577
    }
  ],
  "crossing_resolved": false,
  "energy_by_L": {
    "4": [
      -1.6755859851837158,
      -1.6725585460662842,
      -1.6627440452575684,
      -1.6435058116912842,
      -1.6178221702575684,
      -1.5886719226837158,
      -1.5542479753494263,
      -1.5120606422424316,
      -1.4611327648162842,
      -1.413476586341858
    ],
    "6": [
      -1.7669131755828857,
      -1.7618203163146973,
      -1.7543402910232544,
      -1.7405672073364258,
      -1.7204570770263672,
      -1.6928820610046387,
      -1.6562066078186035,
      -1.6126303672790527,
      -1.5673902034759521,
      -1.5106046199798584
    ],
    "8": [
      -1.786468505859375,
      -1.782739281654358,
      -1.774566650390625,
      -1.7600524425506592,
      -1.7363648414611816,
      -1.7083678245544434,
      -1.674560546875,
      -1.632818579673767,
      -1.5856871604919434,
      -1.5291014909744263
    ]
  },
  "experiment": "M12-spin-glass-3d",
  "headline": "3D Edwards–Anderson spin glass (L=[4, 6, 8], 8 disorder realizations, parallel tempering): disorder-averaged Binder cumulant crossing at T_SG = 0.558 (benchmark 0.95 ± 0.15) — no clean crossing near 0.95 — calibration null · 8s",
  "max_abs_q_mean": 0.09862557798624039,
  "n_realizations": 8,
  "pq_ref": [
    [
      0.09609372168779373,
      1.4734371900558472,
      1.249218463897705,
      0.6085935831069946,
      1.2492183446884155,
      0.8968747854232788,
      1.3773432970046997,
      0.7367185354232788,
      0.6406248211860657,
      0.09609372168779373,
      0.2882811725139618,
      0.09609372913837433,
      0.03203124180436134,
      0.19218744337558746,
      0.06406248360872269,
      0.16015620529651642,
      0.06406248360872269,
      0.09609372168779373,
      0.0,
      0.03203124180436134,
      0.0,
      0.0,
      0.0,
      0.0,
      0.03203124180436134,
      0.09609372168779373,
      0.09609372168779373,
      0.19218744337558746,
      0.35234367847442627,
      0.48046863079071045,
      0.6406248211860657,
      0.2242186963558197,
      0.6406248211860657,
      1.3773434162139893,
      2.0179684162139893,
      1.024999737739563,
      0.8328123092651367,
      0.7687497735023499,
      1.121093511581421,
      1.024999737739563,
      0.12812496721744537
    ],
    [
      0.09609372168779373,
      0.8328123092651367,
      1.249218463897705,
      1.3132810592651367,
      1.441406011581421,
      0.9609372615814209,
      0.896874725818634,
      0.7367185354232788,
      0.41640615463256836,
      0.35234367847442627,
      0.35234367847442627,
      0.09609372913837433,
      0.12812496721744537,
      0.1601562201976776,
      0.2882811725139618,
      0.3523436486721039,
      0.41640615463256836,
      0.19218744337558746,
      0.16015620529651642,
      0.16015620529651642,
      0.09609372913837433,
      0.03203124180436134,
      0.2242186814546585,
      0.06406248360872269,
      0.03203124180436134,
      0.19218744337558746,
      0.1601562201976776,
      0.19218744337558746,
      0.2882811725139618,
      0.5445311069488525,
      0.864843487739563,
      0.5124998688697815,
      0.3523436486721039,
      0.7046872973442078,
      1.185155987739563,
      0.9609372615814209,
      0.8328122496604919,
      0.9609372019767761,
      0.9929684400558472,
      0.7046873569488525,
      0.0
    ],
    [
      0.0,
      0.4484373927116394,
      1.121093511581421,
      1.3453121185302734,
      1.1531246900558472,
      1.3132809400558472,
      0.7046872973442078,
      0.6085935831069946,
      0.6406248211860657,
      0.3843749165534973,
      0.3523436486721039,
      0.09609372913837433,
      0.25624993443489075,
      0.41640612483024597,
      0.5124998688697815,
      0.48046863079071045,
      0.2882811725139618,
      0.3843748867511749,
      0.3523436486721039,
      0.19218745827674866,
      0.2882811725139618,
      0.19218744337558746,
      0.19218745827674866,
      0.06406248360872269,
      0.2882811725139618,
      0.2242186814546585,
      0.25624993443489075,
      0.16015620529651642,
      0.16015620529651642,
      0.4484373927116394,
      0.6726560592651367,
      0.7046872973442078,
      0.5765623450279236,
      0.5445311069488525,
      0.8968747854232788,
      0.6085935831069946,
      1.024999737739563,
      0.6726560592651367,
      0.9929684400558472,
      0.48046863079071045,
      0.0
    ],
    [
      0.0,
      0.0,
      0.6406248211860657,
      1.089062213897705,
      1.249218463897705,
      1.2812496423721313,
      1.1531246900558472,
      0.5765623450279236,
      0.6085935831069946,
      0.41640612483024597,
      0.6085935831069946,
      0.25624993443489075,
      0.41640615463256836,
      0.32031241059303284,
      0.4484373927116394,
      0.5124998688697815,
      0.2882811725139618,
      0.41640612483024597,
      0.2882811725139618,
      0.2242186963558197,
      0.25624993443489075,
      0.16015620529651642,
      0.3523436486721039,
      0.32031241059303284,
      0.48046863079071045,
      0.09609372913837433,
      0.3843748867511749,
      0.32031241059303284,
      0.3843749165534973,
      0.6085935831069946,
      0.7687497735023499,
      0.6726560592651367,
      0.6726560592651367,
      0.6085935831069946,
      0.7367185354232788,
      0.7046872973442078,
      0.8968747854232788,
      0.8007810115814209,
      0.41640615463256836,
      0.06406248360872269,
      0.0
    ],
    [
      0.0,
      0.0,
      0.06406248360872269,
      0.6085935831069946,
      0.864843487739563,
      0.9929684400558472,
      1.4734371900558472,
      0.9609372615814209,
      0.5765623450279236,
      0.8007810115814209,
      0.6726560592651367,
      0.6406248211860657,
      0.5124998688697815,
      0.5765623450279236,
      0.4484373927116394,
      0.35234367847442627,
      0.25624993443489075,
      0.32031241059303284,
      0.25624993443489075,
      0.19218745827674866,
      0.3843748867511749,
      0.32031241059303284,
      0.41640615463256836,
      0.2242186963558197,
      0.25624993443489075,
      0.19218745827674866,
      0.48046860098838806,
      0.3523436486721039,
      0.5124998688697815,
      0.2882811725139618,
      0.7046872973442078,
      0.5765623450279236,
      0.8007810115814209,
      0.9289059638977051,
