{
  "T": [
    1.5,
    1.600000023841858,
    1.7000000476837158,
    1.7999999523162842,
    1.899999976158142,
    2.0,
    2.0999999046325684,
    2.200000047683716,
    2.299999952316284,
    2.4000000953674316,
    2.5,
    2.5999999046325684,
    2.700000047683716,
    2.799999952316284,
    2.9000000953674316,
    3.0,
    3.0999999046325684,
    3.200000047683716,
    3.299999952316284,
    3.4000000953674316,
    3.5
  ],
  "abs_mag": [
    0.9865140318870544,
    0.9796328544616699,
    0.9700988531112671,
    0.836209774017334,
    0.9061566591262817,
    0.9114049673080444,
    0.8688099384307861,
    0.7856193780899048,
    0.28080010414123535,
    0.07760833948850632,
    0.04935888573527336,
    0.038358092308044434,
    0.031113341450691223,
    0.025502318516373634,
    0.022802550345659256,
    0.021083373576402664,
    0.019508300349116325,
    0.018268249928951263,
    0.017039062455296516,
    0.01605706848204136,
    0.015481384471058846
  ],
  "abs_mag_err": [
    3.5210850910516456e-05,
    4.717141928267665e-05,
    6.058155486243777e-05,
    0.005560463294386864,
    0.0032748107332736254,
    0.00014906501746736467,
    0.0002487819001544267,
    0.0005565373576246202,
    0.003611482447013259,
    0.0012649884447455406,
    0.0008432809845544398,
    0.0006629441631957889,
    0.0005098521360196173,
    0.0004410602559801191,
    0.00037672274629585445,
    0.00035633068182505667,
    0.00032485806150361896,
    0.000305247085634619,
    0.0002880898828152567,
    0.000271741533651948,
    0.00026167029864154756
  ],
  "chi": [
    0.02734375,
    0.045166015625,
    0.0706571638584137,
    576.5902099609375,
    185.53094482421875,
    0.36376953125,
    0.9649367928504944,
    4.61115026473999,
    702.5353393554688,
    62.61949157714844,
    25.279203414916992,
    14.785422325134277,
    9.026873588562012,
    6.077834606170654,
    4.539698123931885,
    3.812206983566284,
    3.124385118484497,
    2.6591460704803467,
    2.265044927597046,
    1.948455572128296,
    1.7616161108016968
  ],
  "chi_abs": [
    0.02734375,
    0.045166015625,
    0.0706571638584137,
    562.5775756835938,
    184.86380004882812,
    0.36376953125,
    0.9649367928504944,
    4.61115026473999,
    185.72738647460938,
    21.837078094482422,
    9.316169738769531,
    5.536219120025635,
    3.15324330329895,
    2.2754673957824707,
    1.6027969121932983,
    1.3861746788024902,
    1.114957571029663,
    0.9536430239677429,
    0.8237109184265137,
    0.7113214135169983,
    0.6407278180122375
  ],
  "config": {
    "L": 128,
    "T_max": 3.5,
    "T_min": 1.5,
    "device": "cuda",
    "n_burnin": 8000,
    "n_sweeps": 40000,
    "n_temps": 21,
    "sample_every": 20,
    "seed": 1008
  },
  "energy": [
    -1.9511295557022095,
    -1.9283685684204102,
    -1.8981834650039673,
    -1.848341941833496,
    -1.8070400953292847,
    -1.7456315755844116,
    -1.6617076396942139,
    -1.5463649034500122,
    -1.3449499607086182,
    -1.203403115272522,
    -1.105186939239502,
    -1.0282098054885864,
    -0.9633921980857849,
    -0.9077571034431458,
    -0.8598453402519226,
    -0.8171166777610779,
    -0.7789970636367798,
    -0.7451750636100769,
    -0.7141239047050476,
    -0.6866555213928223,
    -0.6603531241416931
  ],
  "experiment": "M01-ising-verification",
  "generated_at": "2026-07-24T06:14:54.670890+00:00",
  "headline": "χ peaked at T≈2.300 vs Onsager 2.2692 · 11s on GPU",
  "provenance": {
    "dependencies": {
      "matplotlib": "3.11.1",
      "numpy": "2.5.1",
      "torch": "2.10.0.dev20251031+rocm6.4"
    },
    "platform": "linux-x86_64",
    "python": "3.14.4",
    "source_clean": true,
    "source_commit": "a230d587ce6a5a1c97e9d6ed56b55aa7f1c7796a",
    "source_diff_sha256": null,
    "source_tree_sha256": "4f7c62205c71ec976adbae4b84d54dfd7bf44bf2772c10525b2bc339ba2f5c83"
  },
  "public_receipt": {
    "claim_boundary": "Saved measurements can be regraded; this receipt is not a simulation rerun.",
    "omitted": [
      {
        "path": "snapshots",
        "reason": "large visual lattice snapshots",
        "sha256": "b80c68558060ad923dee208f7fa6df581c1ab81ac02816283a09cb6e9c6b590f"
      }
    ],
    "schema": "windowsill.measurement-receipt.v1",
    "source_report_sha256": "f5732bd756a11ef08dc03e68a10a0aa156ecb1698f31b1f0260c922cadfb24f4"
  },
  "report_schema_version": 1,
  "reproduction": {
    "regrade": "python -m lab.cli verify M01",
    "rerun": "python -m lab.cli run"
  },
  "specific_heat": [
    0.1999046802520752,
    0.27378368377685547,
    0.35010266304016113,
    2.741605758666992,
    1.206799864768982,
    0.7101830244064331,
    1.0024386644363403,
    1.3557244539260864,
    1.9793065786361694,
    1.067625880241394,
    0.8577477335929871,
    0.7088398337364197,
    0.6185537576675415,
    0.5377342104911804,
    0.4265610873699188,
    0.42253050208091736,
    0.3751905560493469,
    0.31768670678138733,
    0.3002495765686035,
    0.2651864290237427,
    0.2503213584423065
  ],
  "wall_seconds": 11.005756378173828
}
