{
  "T": [
    1.5,
    1.600000023841858,
    1.7000000476837158,
    1.7999999523162842,
    1.899999976158142,
    2.0,
    2.0999999046325684,
    2.200000047683716,
    2.299999952316284,
    2.4000000953674316,
    2.5,
    2.5999999046325684,
    2.700000047683716,
    2.799999952316284,
    2.9000000953674316,
    3.0,
    3.0999999046325684,
    3.200000047683716,
    3.299999952316284,
    3.4000000953674316,
    3.5
  ],
  "abs_mag": [
    0.9865317940711975,
    0.9795880317687988,
    0.970084011554718,
    0.775574266910553,
    0.938332200050354,
    0.9111976027488708,
    0.8687546253204346,
    0.7843512892723083,
    0.2839159667491913,
    0.07686322182416916,
    0.05139099061489105,
    0.03708471730351448,
    0.031148375943303108,
    0.026476562023162842,
    0.02293115295469761,
    0.021196411922574043,
    0.019472168758511543,
    0.01800665259361267,
    0.017264343798160553,
    0.016794860363006592,
    0.01509558130055666
  ],
  "abs_mag_err": [
    3.395123712834902e-05,
    4.5545726607088e-05,
    5.959752161288634e-05,
    0.006724828388541937,
    0.00010795704292831942,
    0.00015646612155251205,
    0.00024329236475750804,
    0.0005417698412202299,
    0.003728324780240655,
    0.0012659812346100807,
    0.0008537060348317027,
    0.0006179233896546066,
    0.0005085442680865526,
    0.0004601849941536784,
    0.000383772945497185,
    0.0003625086392275989,
    0.00032733724219724536,
    0.0003068460209760815,
    0.0002918583049904555,
    0.0002779499627649784,
    0.0002637631550896913
  ],
  "chi": [
    0.025390625,
    0.0421142578125,
    0.068359375,
    1936.4532470703125,
    0.20096628367900848,
    0.40087890625,
    0.9230841398239136,
    4.369673252105713,
    760.6273193359375,
    62.11286163330078,
    26.849658966064453,
    13.437333106994629,
    9.023283958435059,
    6.577397346496582,
    4.632499694824219,
    3.887108564376831,
    3.135833740234375,
    2.6237335205078125,
    2.324193239212036,
    2.1030640602111816,
    1.7176364660263062
  ],
  "chi_abs": [
    0.025390625,
    0.0421142578125,
    0.068359375,
    822.853759765625,
    0.20096628367900848,
    0.40087890625,
    0.9230841398239136,
    4.369673252105713,
    197.93934631347656,
    21.871368408203125,
    9.547937393188477,
    4.809817790985107,
    3.1370866298675537,
    2.477077007293701,
    1.6633490324020386,
    1.434657096862793,
    1.132040023803711,
    0.9636595845222473,
    0.8454012274742126,
    0.7441956400871277,
    0.651017963886261
  ],
  "config": {
    "L": 128,
    "T_max": 3.5,
    "T_min": 1.5,
    "device": "cuda",
    "n_burnin": 8000,
    "n_sweeps": 40000,
    "n_temps": 21,
    "sample_every": 20,
    "seed": 1006
  },
  "energy": [
    -1.9512341022491455,
    -1.9281452894210815,
    -1.8982610702514648,
    -1.8446155786514282,
    -1.8096340894699097,
    -1.7454854249954224,
    -1.6621278524398804,
    -1.5459449291229248,
    -1.3468365669250488,
    -1.204281210899353,
    -1.106109619140625,
    -1.0276803970336914,
    -0.964654803276062,
    -0.907353401184082,
    -0.8594886660575867,
    -0.8174598217010498,
    -0.7793003916740417,
    -0.7448177337646484,
    -0.7141478061676025,
    -0.6859312653541565,
    -0.659896731376648
  ],
  "experiment": "M01-ising-verification",
  "generated_at": "2026-07-23T22:13:58.598665+00:00",
  "headline": "χ peaked at T≈1.800 vs Onsager 2.2692 · 10s on GPU",
  "provenance": {
    "dependencies": {
      "matplotlib": "3.11.1",
      "numpy": "2.5.1",
      "torch": "2.10.0.dev20251031+rocm6.4"
    },
    "platform": "linux-x86_64",
    "python": "3.14.4",
    "source_clean": true,
    "source_commit": "15066aefe98e558c0cdddccf55a4cfead8aa3679",
    "source_diff_sha256": null,
    "source_tree_sha256": "993d4377edb0020647d4afd96e61fb98ed6c5378cb0bb2fd3d4034081308e5ee"
  },
  "public_receipt": {
    "claim_boundary": "Saved measurements can be regraded; this receipt is not a simulation rerun.",
    "omitted": [
      {
        "path": "snapshots",
        "reason": "large visual lattice snapshots",
        "sha256": "ec2e8fe53b525ed27ecbd10ad0961969510affa0375438a2d9d6e3743e623a63"
      }
    ],
    "schema": "windowsill.measurement-receipt.v1",
    "source_report_sha256": "0c7545017a89854e34ad0ada44e243f71c4ee9e3ec32caf64619ad9a2bff2684"
  },
  "report_schema_version": 1,
  "reproduction": {
    "regrade": "python -m lab.cli verify M01",
    "rerun": "python -m lab.cli run"
  },
  "specific_heat": [
    0.185141921043396,
    0.2573221027851105,
    0.33587953448295593,
    3.3809638023376465,
    0.5917724967002869,
    0.7676804065704346,
    0.9270142912864685,
    1.4178944826126099,
    2.13718581199646,
    1.1485013961791992,
    0.8547813296318054,
    0.6960323452949524,
    0.5785707831382751,
    0.4834268093109131,
    0.45489633083343506,
    0.39843347668647766,
    0.3640722930431366,
    0.31485289335250854,
    0.2887216806411743,
    0.26697760820388794,
    0.2373502105474472
  ],
  "wall_seconds": 10.443715572357178
}
