{
  "T": [
    1.5,
    1.600000023841858,
    1.7000000476837158,
    1.7999999523162842,
    1.899999976158142,
    2.0,
    2.0999999046325684,
    2.200000047683716,
    2.299999952316284,
    2.4000000953674316,
    2.5,
    2.5999999046325684,
    2.700000047683716,
    2.799999952316284,
    2.9000000953674316,
    3.0,
    3.0999999046325684,
    3.200000047683716,
    3.299999952316284,
    3.4000000953674316,
    3.5
  ],
  "abs_mag": [
    0.9864792823791504,
    0.9796706438064575,
    0.9700708389282227,
    0.9568594694137573,
    0.9382539987564087,
    0.9112244844436646,
    0.8684579133987427,
    0.7845324873924255,
    0.2925731837749481,
    0.07899273931980133,
    0.04970294237136841,
    0.037085939198732376,
    0.030639037489891052,
    0.02587915025651455,
    0.023406799882650375,
    0.02207067795097828,
    0.01892407238483429,
    0.018033264204859734,
    0.017404723912477493,
    0.01649896241724491,
    0.0154111934825778
  ],
  "abs_mag_err": [
    3.532943082973361e-05,
    4.660627382691018e-05,
    5.970751590211876e-05,
    8.043625712161884e-05,
    0.00010505522368475795,
    0.00015033505042083561,
    0.00024580233730375767,
    0.0005778192426078022,
    0.003917825408279896,
    0.0013414602726697922,
    0.0008468839223496616,
    0.0006084694759920239,
    0.0005251399124972522,
    0.0004327537026256323,
    0.00039094724343158305,
    0.0003707600408233702,
    0.0003205530229024589,
    0.0003075614804401994,
    0.00028575881151482463,
    0.000272407807642594,
    0.0002596759586594999
  ],
  "chi": [
    0.02799479104578495,
    0.045166015625,
    0.06950826942920685,
    0.1182725727558136,
    0.19120065867900848,
    0.36962890625,
    0.9412202835083008,
    4.969815254211426,
    632.25244140625,
    67.08699035644531,
    25.55428695678711,
    13.315173149108887,
    9.04130744934082,
    6.10687255859375,
    4.819690704345703,
    4.160984039306641,
    2.9760050773620605,
    2.6327435970306396,
    2.3143410682678223,
    2.0255696773529053,
    1.7404009103775024
  ],
  "chi_abs": [
    0.02799479104578495,
    0.045166015625,
    0.06950826942920685,
    0.1182725727558136,
    0.19120065867900848,
    0.36962890625,
    0.9412202835083008,
    4.969815254211426,
    218.57220458984375,
    24.557100296020508,
    9.395947456359863,
    4.663766860961914,
    3.345176935195923,
    2.190565824508667,
    1.726119875907898,
    1.5007120370864868,
    1.0856024026870728,
    0.9681586623191833,
    0.810434877872467,
    0.7148136496543884,
    0.6309982538223267
  ],
  "config": {
    "L": 128,
    "T_max": 3.5,
    "T_min": 1.5,
    "device": "cuda",
    "n_burnin": 8000,
    "n_sweeps": 40000,
    "n_temps": 21,
    "sample_every": 20,
    "seed": 1009
  },
  "energy": [
    -1.951019048690796,
    -1.928425908088684,
    -1.8980581760406494,
    -1.8592491149902344,
    -1.809446096420288,
    -1.7453263998031616,
    -1.6613274812698364,
    -1.5461413860321045,
    -1.3477221727371216,
    -1.204444169998169,
    -1.1062283515930176,
    -1.028612494468689,
    -0.9638894200325012,
    -0.9076498746871948,
    -0.8599981665611267,
    -0.8168501257896423,
    -0.7790495753288269,
    -0.7451170682907104,
    -0.7146032452583313,
    -0.6856972575187683,
    -0.6604384779930115
  ],
  "experiment": "M01-ising-verification",
  "generated_at": "2026-07-24T10:15:22.562434+00:00",
  "headline": "χ peaked at T≈2.300 vs Onsager 2.2692 · 10s on GPU",
  "provenance": {
    "dependencies": {
      "matplotlib": "3.11.1",
      "numpy": "2.5.1",
      "torch": "2.10.0.dev20251031+rocm6.4"
    },
    "platform": "linux-x86_64",
    "python": "3.14.4",
    "source_clean": true,
    "source_commit": "b6ea2fd26f66cc1b3058a9b0f70761bf8a49eda2",
    "source_diff_sha256": null,
    "source_tree_sha256": "4f7c62205c71ec976adbae4b84d54dfd7bf44bf2772c10525b2bc339ba2f5c83"
  },
  "public_receipt": {
    "claim_boundary": "Saved measurements can be regraded; this receipt is not a simulation rerun.",
    "omitted": [
      {
        "path": "snapshots",
        "reason": "large visual lattice snapshots",
        "sha256": "082f52abe42d15b33c4898e34133c25638fc802413e8a68a40bef6e0df56003b"
      }
    ],
    "schema": "windowsill.measurement-receipt.v1",
    "source_report_sha256": "72d7af7e296babefb9c3f0bef50cee1a9643367eaa5b583dabe9ec064a603d6a"
  },
  "report_schema_version": 1,
  "reproduction": {
    "regrade": "python -m lab.cli verify M01",
    "rerun": "python -m lab.cli run"
  },
  "specific_heat": [
    0.19892193377017975,
    0.26834234595298767,
    0.337339848279953,
    0.4578869342803955,
    0.5337501168251038,
    0.6943495273590088,
    0.891609787940979,
    1.4749339818954468,
    2.3178133964538574,
    1.1483407020568848,
    0.8857142925262451,
    0.7071577906608582,
    0.5884970426559448,
    0.5479649901390076,
    0.48245447874069214,
    0.4174468219280243,
    0.3544393479824066,
    0.3312796950340271,
    0.2927338182926178,
    0.2735825181007385,
    0.24775244295597076
  ],
  "wall_seconds": 10.412630081176758
}
