{
  "T": [
    1.5,
    1.600000023841858,
    1.7000000476837158,
    1.7999999523162842,
    1.899999976158142,
    2.0,
    2.0999999046325684,
    2.200000047683716,
    2.299999952316284,
    2.4000000953674316,
    2.5,
    2.5999999046325684,
    2.700000047683716,
    2.799999952316284,
    2.9000000953674316,
    3.0,
    3.0999999046325684,
    3.200000047683716,
    3.299999952316284,
    3.4000000953674316,
    3.5
  ],
  "abs_mag": [
    0.9864783883094788,
    0.9795998930931091,
    0.9700629711151123,
    0.956829309463501,
    0.9383893013000488,
    0.911117672920227,
    0.8684915900230408,
    0.7837197780609131,
    0.3042663633823395,
    0.08353674411773682,
    0.05020788684487343,
    0.03719445690512657,
    0.030256347730755806,
    0.02635180577635765,
    0.02327056974172592,
    0.020966919139027596,
    0.01927514560520649,
    0.017966918647289276,
    0.017142700031399727,
    0.01620977744460106,
    0.01565246656537056
  ],
  "abs_mag_err": [
    3.452093733358197e-05,
    4.572694524540566e-05,
    6.0153128288220614e-05,
    7.913840090623125e-05,
    0.00010564406693447381,
    0.00014830076543148607,
    0.0002559466229286045,
    0.0006658936617895961,
    0.003671546233817935,
    0.0013037770986557007,
    0.0008219930459745228,
    0.0006155433366075158,
    0.0005135760293342173,
    0.0004470626590773463,
    0.0003904626937583089,
    0.0003560540790203959,
    0.0003268751606810838,
    0.00030682500801049173,
    0.0002900758699979633,
    0.00027791335014626384,
    0.0002560829743742943
  ],
  "chi": [
    0.02604166604578495,
    0.042724609375,
    0.07008271664381027,
    0.1133897602558136,
    0.19274260103702545,
    0.36083984375,
    1.0221354961395264,
    6.600674629211426,
    822.391845703125,
    70.4214096069336,
    25.371557235717773,
    13.489324569702148,
    8.741582870483398,
    6.401072978973389,
    4.78115177154541,
    3.7782108783721924,
    3.092357635498047,
    2.61588716506958,
    2.28832745552063,
    2.010011672973633,
    1.7593858242034912
  ],
  "chi_abs": [
    0.02604166604578495,
    0.042724609375,
    0.07008271664381027,
    0.1133897602558136,
    0.19274260103702545,
    0.36083984375,
    1.0221354961395264,
    6.600674629211426,
    191.9564666748047,
    23.196807861328125,
    8.851747512817383,
    4.772838592529297,
    3.1994733810424805,
    2.337822675704956,
    1.7218440771102905,
    1.3840235471725464,
    1.1288467645645142,
    0.9635276794433594,
    0.8351067304611206,
    0.7439996004104614,
    0.613657534122467
  ],
  "config": {
    "L": 128,
    "T_max": 3.5,
    "T_min": 1.5,
    "device": "cuda",
    "n_burnin": 8000,
    "n_sweeps": 40000,
    "n_temps": 21,
    "sample_every": 20,
    "seed": 42
  },
  "energy": [
    -1.9510200023651123,
    -1.9281806945800781,
    -1.8980261087417603,
    -1.8591924905776978,
    -1.8096504211425781,
    -1.7450478076934814,
    -1.661863088607788,
    -1.545963168144226,
    -1.3466756343841553,
    -1.2035146951675415,
    -1.1061233282089233,
    -1.0279453992843628,
    -0.9642083644866943,
    -0.9080671668052673,
    -0.8602012991905212,
    -0.8178796172142029,
    -0.7788431644439697,
    -0.7454568147659302,
    -0.7142366766929626,
    -0.6861011981964111,
    -0.6600872874259949
  ],
  "experiment": "M01-ising-verification",
  "generated_at": "2026-07-14T07:00:35.021267+00:00",
  "headline": "χ peaked at T≈2.300 vs Onsager 2.2692 · 30s on GPU",
  "provenance": {
    "dependencies": {
      "matplotlib": "3.11.0",
      "numpy": "2.4.6",
      "torch": "2.6.0+cu124"
    },
    "platform": "windows-amd64",
    "python": "3.13.6",
    "source_clean": true,
    "source_commit": "dd0552ceae5ade69f6f8b9e8e5c2a243c7e02790",
    "source_diff_sha256": null,
    "source_tree_sha256": "d26566e19b4ba26e82d881e7109cab49d3d6998079d47edc5385a06a5b408d91"
  },
  "public_receipt": {
    "claim_boundary": "Saved measurements can be regraded; this receipt is not a simulation rerun.",
    "omitted": [
      {
        "path": "snapshots",
        "reason": "large visual lattice snapshots",
        "sha256": "336ad7afae0db8d40101ebdc8643a45c87771736e975113c0a3e8a4034f0ae00"
      }
    ],
    "schema": "windowsill.measurement-receipt.v1",
    "source_report_sha256": "e904537a3bd77ef0dac9863931c951f3fcf869cc4811828c54c3c9843598a4eb"
  },
  "report_schema_version": 1,
  "reproduction": {
    "regrade": "python -m lab.cli verify M01",
    "rerun": "python -m lab.cli run"
  },
  "specific_heat": [
    0.19196099042892456,
    0.26205307245254517,
    0.3420563042163849,
    0.4548146426677704,
    0.5511249303817749,
    0.6967535018920898,
    0.9627698063850403,
    1.4379520416259766,
    2.1132986545562744,
    1.104177713394165,
    0.8869819045066833,
    0.716778576374054,
    0.6028596758842468,
    0.5178046822547913,
    0.4562465250492096,
    0.4142436683177948,
    0.36022621393203735,
    0.309050053358078,
    0.29117193818092346,
    0.26996177434921265,
    0.245432049036026
  ],
  "wall_seconds": 30.213965892791748
}
