{
  "L": 128,
  "T": [
    2.0,
    2.0250000953674316,
    2.049999952316284,
    2.075000047683716,
    2.0999999046325684,
    2.125,
    2.1500000953674316,
    2.174999952316284,
    2.200000047683716,
    2.2249999046325684,
    2.25,
    2.2749998569488525,
    2.299999952316284,
    2.325000047683716,
    2.3499999046325684,
    2.375,
    2.3999998569488525,
    2.424999952316284,
    2.4499998092651367,
    2.4749999046325684,
    2.5,
    2.5249998569488525,
    2.549999952316284,
    2.5749998092651367,
    2.5999999046325684
  ],
  "abs_mag": [
    0.9112009406089783,
    0.9021720290184021,
    0.8928325176239014,
    0.8816226720809937,
    0.8690248727798462,
    0.8533381819725037,
    0.8346628546714783,
    0.8128772974014282,
    0.7832841277122498,
    0.7407706379890442,
    0.6782724857330322,
    0.4361496567726135,
    0.25291070342063904,
    0.1630571335554123,
    0.1130659207701683,
    0.09232861548662186,
    0.08038049191236496,
    0.06702142208814621,
    0.0604860857129097,
    0.053933653980493546,
    0.050599485635757446,
    0.044944703578948975,
    0.04196099936962128,
    0.03893640264868736,
    0.037960633635520935
  ],
  "abs_mag_err": [
    0.00015212073049042374,
    0.00016719766426831484,
    0.00019336411787662655,
    0.00021736457711085677,
    0.0002398225333308801,
    0.0002867586154025048,
    0.0003590532869566232,
    0.0004404773935675621,
    0.0005789485876448452,
    0.0009056783164851367,
    0.0016094446182250977,
    0.004426311235874891,
    0.0035762230399996042,
    0.0025028965901583433,
    0.0018961522728204727,
    0.0015573700657114387,
    0.001308812526986003,
    0.0011139502748847008,
    0.0010434233117848635,
    0.0009198995539918542,
    0.0008256243309006095,
    0.0007605154532939196,
    0.0007017262396402657,
    0.0006482794415205717,
    0.0006350910989567637
  ],
  "chi": [
    0.37841796875,
    0.4523533880710602,
    0.597370445728302,
    0.7464231848716736,
    0.8979725241661072,
    1.2670036554336548,
    1.9631175994873047,
    2.9216055870056152,
    4.989346504211426,
    12.073823928833008,
    37.705078125,
    282.05584716796875,
    182.1184539794922,
    88.24608612060547,
    50.108455657958984,
    33.44664764404297,
    23.376333236694336,
    16.759172439575195,
    14.554176330566406,
    11.197946548461914,
    8.93012809753418,
    7.502180576324463,
    6.324524879455566,
    5.345396995544434,
    5.08079195022583
  ],
  "config": {
    "L": 128,
    "T_max": 2.6,
    "T_min": 2.0,
    "n_burnin": 8000,
    "n_sweeps": 40000,
    "n_temps": 25,
    "seed": 42
  },
  "energy": [
    -1.745369553565979,
    -1.7260050773620605,
    -1.706665277481079,
    -1.6852562427520752,
    -1.662076473236084,
    -1.6364538669586182,
    -1.6090319156646729,
    -1.579236626625061,
    -1.546168565750122,
    -1.5074176788330078,
    -1.4642122983932495,
    -1.3988286256790161,
    -1.3433878421783447,
    -1.3013031482696533,
    -1.2659553289413452,
    -1.2328728437423706,
    -1.203768253326416,
    -1.17681086063385,
    -1.152425765991211,
    -1.1278982162475586,
    -1.1061919927597046,
    -1.0851798057556152,
    -1.0648895502090454,
    -1.0464417934417725,
    -1.0283969640731812
  ],
  "experiment": "M04-specific-heat",
  "headline": "2D Ising specific heat (L=128): C(T) peaks at T_c=2.275 vs Onsager exact 2.2692 (rel. err 0.2%); χ-peak cross-check 2.280 · 33s",
  "log_amplitude": 0.49453858953231905,
  "public_receipt": {
    "claim_boundary": "Saved measurements can be regraded; this receipt is not a simulation rerun.",
    "omitted": [],
    "schema": "windowsill.measurement-receipt.v1",
    "source_report_sha256": "45c80468508b663bb617a2041bbe577352622a30c338decba04d30066c28d233"
  },
  "rel_error": 0.0024297325456373543,
  "specific_heat": [
    0.7058922052383423,
    0.7593799233436584,
    0.8580721020698547,
    0.8825871348381042,
    0.9731206297874451,
    1.0586090087890625,
    1.1518166065216064,
    1.1912071704864502,
    1.4611632823944092,
    1.7124063968658447,
    2.0083112716674805,
    2.7096152305603027,
    1.9736994504928589,
    1.4037144184112549,
    1.379947543144226,
    1.2302550077438354,
    1.118066668510437,
    1.0359234809875488,
    0.9883012771606445,
    0.8983368277549744,
    0.8412129878997803,
    0.8137410283088684,
    0.751495897769928,
    0.7219952940940857,
    0.699735164642334
  ],
  "tc_benchmark": 2.269185314213022,
  "tc_chi_refined": 2.2802430138939878,
  "tc_cv": 2.2749998569488525,
  "tc_cv_refined": 2.2746988276230478,
  "wall_seconds": 33.28334283828735
}
