{
  "L": 128,
  "T": [
    2.0,
    2.0250000953674316,
    2.049999952316284,
    2.075000047683716,
    2.0999999046325684,
    2.125,
    2.1500000953674316,
    2.174999952316284,
    2.200000047683716,
    2.2249999046325684,
    2.25,
    2.2749998569488525,
    2.299999952316284,
    2.325000047683716,
    2.3499999046325684,
    2.375,
    2.3999998569488525,
    2.424999952316284,
    2.4499998092651367,
    2.4749999046325684,
    2.5,
    2.5249998569488525,
    2.549999952316284,
    2.5749998092651367,
    2.5999999046325684
  ],
  "abs_mag": [
    0.0017844238318502903,
    0.0018517456483095884,
    0.0019134521717205644,
    0.00197717291302979,
    0.002034057630226016,
    0.002021179301664233,
    0.0021291503217071295,
    0.002140136668458581,
    0.0022267457097768784,
    0.002310302807018161,
    0.0023435058537870646,
    0.0025020751636475325,
    0.002614501863718033,
    0.0026588134933263063,
    0.0026834106538444757,
    0.0027087402995675802,
    0.002790039172396064,
    0.0029105835128575563,
    0.002903808606788516,
    0.0029818115290254354,
    0.0029360351618379354,
    0.0030171507969498634,
    0.003110229503363371,
    0.0030911255162209272,
    0.0030849608592689037
  ],
  "chi_staggered": [
    0.37841796875,
    0.4523533880710602,
    0.597370445728302,
    0.7464231848716736,
    0.8979725241661072,
    1.2670036554336548,
    1.9631175994873047,
    2.9216055870056152,
    4.989346504211426,
    12.073823928833008,
    37.705078125,
    282.05584716796875,
    205.8211669921875,
    80.44202423095703,
    54.58957290649414,
    34.67919921875,
    26.604555130004883,
    19.267805099487305,
    13.437005996704102,
    10.318767547607422,
    9.0866060256958,
    7.787543773651123,
    6.669434547424316,
    5.53488826751709,
    4.9060235023498535
  ],
  "config": {
    "J": -1.0,
    "L": 128,
    "T_max": 2.6,
    "T_min": 2.0,
    "lattice": "square-afm",
    "n_burnin": 8000,
    "n_sweeps": 40000,
    "n_temps": 25,
    "seed": 42
  },
  "energy": [
    -1.745369553565979,
    -1.7260050773620605,
    -1.706665277481079,
    -1.6852562427520752,
    -1.662076473236084,
    -1.6364538669586182,
    -1.6090319156646729,
    -1.579236626625061,
    -1.546168565750122,
    -1.5074176788330078,
    -1.4642122983932495,
    -1.3988286256790161,
    -1.34660005569458,
    -1.3003138303756714,
    -1.2664215564727783,
    -1.2340999841690063,
    -1.2041155099868774,
    -1.177567481994629,
    -1.1515804529190063,
    -1.1280174255371094,
    -1.1064093112945557,
    -1.0855588912963867,
    -1.0658292770385742,
    -1.0458561182022095,
    -1.0287244319915771
  ],
  "experiment": "M10-afm-ising",
  "headline": "Antiferromagnetic Ising (L=128): staggered χ_s peaks at T_N=2.282 vs Onsager exact 2.2692 (rel. err 0.5%); C-peak cross-check 2.276; uniform ⟨|m|⟩ stays ≤0.003 · 30s on GPU",
  "max_abs_mag": 0.003110229503363371,
  "public_receipt": {
    "claim_boundary": "Saved measurements can be regraded; this receipt is not a simulation rerun.",
    "omitted": [],
    "schema": "windowsill.measurement-receipt.v1",
    "source_report_sha256": "3e0276c1c0e66189158585e42b889f05f9e8db53d2d9c4e8c64675cfae743c93"
  },
  "rel_error": 0.005451096141484942,
  "specific_heat": [
    0.7058922052383423,
    0.7593799233436584,
    0.8580721020698547,
    0.8825871348381042,
    0.9731206297874451,
    1.0586090087890625,
    1.1518166065216064,
    1.1912071704864502,
    1.4611632823944092,
    1.7124063968658447,
    2.0083112716674805,
    2.7096152305603027,
    2.1145853996276855,
    1.507045030593872,
    1.3380188941955566,
    1.1976039409637451,
    1.1209276914596558,
    0.9964073300361633,
    0.9723188877105713,
    0.9071750640869141,
    0.8466475009918213,
    0.8011998534202576,
    0.7726518511772156,
    0.7224954962730408,
    0.7139100432395935
  ],
  "stag_mag": [
    0.9112009406089783,
    0.9021720290184021,
    0.8928325176239014,
    0.8816226720809937,
    0.8690248727798462,
    0.8533381819725037,
    0.8346628546714783,
    0.8128772974014282,
    0.7832841277122498,
    0.7407706379890442,
    0.6782724857330322,
    0.4361496567726135,
    0.2908092141151428,
    0.1566191464662552,
    0.12262152135372162,
    0.09604223817586899,
    0.08274377137422562,
    0.07266803085803986,
    0.06126001104712486,
    0.05156933516263962,
    0.04985962063074112,
    0.045644957572221756,
    0.04334143176674843,
    0.03920501843094826,
    0.036738649010658264
  ],
  "stag_mag_err": [
    0.00015212073049042374,
    0.00016719766426831484,
    0.00019336411787662655,
    0.00021736457711085677,
    0.0002398225333308801,
    0.0002867586154025048,
    0.0003590532869566232,
    0.0004404773935675621,
    0.0005789485876448452,
    0.0009056783164851367,
    0.0016094446182250977,
    0.004426311235874891,
    0.0038018294144421816,
    0.002389663364738226,
    0.001979121472686529,
    0.0015858059050515294,
    0.0013962627854198217,
    0.0011944163125008345,
    0.0010025775991380215,
    0.0008830497972667217,
    0.0008328264812007546,
    0.0007748444913886487,
    0.0007206065929494798,
    0.0006596698658540845,
    0.000624072621576488
  ],
  "tc_benchmark": 2.269185314213022,
  "tc_chi": 2.2749998569488525,
  "tc_chi_refined": 2.281554861523643,
  "tc_cv_refined": 2.2760246076794215,
  "wall_seconds": 30.437445402145386
}
