{
  "T": [
    1.5,
    1.600000023841858,
    1.7000000476837158,
    1.7999999523162842,
    1.899999976158142,
    2.0,
    2.0999999046325684,
    2.200000047683716,
    2.299999952316284,
    2.4000000953674316,
    2.5,
    2.5999999046325684,
    2.700000047683716,
    2.799999952316284,
    2.9000000953674316,
    3.0,
    3.0999999046325684,
    3.200000047683716,
    3.299999952316284,
    3.4000000953674316,
    3.5
  ],
  "abs_mag": [
    0.9864569902420044,
    0.9796756505966187,
    0.970150887966156,
    0.9570085406303406,
    0.9380884766578674,
    0.9115464091300964,
    0.86861652135849,
    0.7840154767036438,
    0.27877721190452576,
    0.07908795028924942,
    0.04822961241006851,
    0.037604920566082,
    0.029631225392222404,
    0.026163635775446892,
    0.02279852330684662,
    0.021114379167556763,
    0.020053528249263763,
    0.018658019602298737,
    0.016828980296850204,
    0.016008544713258743,
    0.015307311899960041
  ],
  "abs_mag_err": [
    3.4818487620214e-05,
    4.5615983253810555e-05,
    6.160701013868675e-05,
    7.683021976845339e-05,
    0.00010921860666712746,
    0.00015251821605488658,
    0.000248033000389114,
    0.0005690710386261344,
    0.0038768220692873,
    0.001311245490796864,
    0.0008247714722529054,
    0.0006194093148224056,
    0.0005036781076341867,
    0.0004522152594290674,
    0.0003824058221653104,
    0.00035826305975206196,
    0.0003347528399899602,
    0.00031161948572844267,
    0.00027889886405318975,
    0.00027559581212699413,
    0.00026331350090913475
  ],
  "chi": [
    0.025390625,
    0.042724609375,
    0.07295496016740799,
    0.107421875,
    0.2055921107530594,
    0.380859375,
    0.9598214626312256,
    4.82111120223999,
    765.900146484375,
    65.33414459228516,
    24.089189529418945,
    13.736018180847168,
    8.401479721069336,
    6.395919322967529,
    4.583611965179443,
    3.8359014987945557,
    3.3063559532165527,
    2.7721967697143555,
    2.1778550148010254,
    1.9665707349777222,
    1.7413618564605713
  ],
  "chi_abs": [
    0.025390625,
    0.042724609375,
    0.07295496016740799,
    0.107421875,
    0.2055921107530594,
    0.380859375,
    0.9598214626312256,
    4.82111120223999,
    214.02110290527344,
    23.46332550048828,
    8.911689758300781,
    4.83297872543335,
    3.0773370265960693,
    2.392021656036377,
    1.6515201330184937,
    1.401249885559082,
    1.1839122772216797,
    0.9938755631446838,
    0.7719911336898804,
    0.7316426634788513,
    0.6488001942634583
  ],
  "config": {
    "L": 128,
    "T_max": 3.5,
    "T_min": 1.5,
    "device": "cuda",
    "n_burnin": 8000,
    "n_sweeps": 40000,
    "n_temps": 21,
    "sample_every": 20,
    "seed": 1001
  },
  "energy": [
    -1.9509809017181396,
    -1.9284799098968506,
    -1.8983442783355713,
    -1.8598250150680542,
    -1.8091599941253662,
    -1.7458573579788208,
    -1.6617603302001953,
    -1.5455667972564697,
    -1.346396803855896,
    -1.203566074371338,
    -1.1056981086730957,
    -1.0289502143859863,
    -0.9637949466705322,
    -0.9080377221107483,
    -0.8597456216812134,
    -0.8176922798156738,
    -0.779647707939148,
    -0.7445871829986572,
    -0.7146732211112976,
    -0.6856154799461365,
    -0.6599266529083252
  ],
  "experiment": "M01-ising-verification",
  "generated_at": "2026-07-23T02:11:39.758798+00:00",
  "headline": "χ peaked at T≈2.300 vs Onsager 2.2692 · 12s on GPU",
  "provenance": {
    "dependencies": {
      "matplotlib": "3.11.1",
      "numpy": "2.5.1",
      "torch": "2.10.0.dev20251031+rocm6.4"
    },
    "platform": "linux-x86_64",
    "python": "3.14.4",
    "source_clean": true,
    "source_commit": "19bcfb29b6c942b8b41a47aca07efa93bc502934",
    "source_diff_sha256": null,
    "source_tree_sha256": "993d4377edb0020647d4afd96e61fb98ed6c5378cb0bb2fd3d4034081308e5ee"
  },
  "public_receipt": {
    "claim_boundary": "Saved measurements can be regraded; this receipt is not a simulation rerun.",
    "omitted": [
      {
        "path": "snapshots",
        "reason": "large visual lattice snapshots",
        "sha256": "83a38bbb1ae46d40cc35d53a593b7ab9fd77ab86345022639c11d6aba69b0415"
      }
    ],
    "schema": "windowsill.measurement-receipt.v1",
    "source_report_sha256": "11100a282947d36fc02d17dd7ddf01418aeae67b515833975aac3dab214e56ad"
  },
  "report_schema_version": 1,
  "reproduction": {
    "regrade": "python -m lab.cli verify M01",
    "rerun": "python -m lab.cli run"
  },
  "specific_heat": [
    0.1914559304714203,
    0.2544531226158142,
    0.36245810985565186,
    0.4043216109275818,
    0.5670896768569946,
    0.7190035581588745,
    0.9872506260871887,
    1.4565823078155518,
    2.141793727874756,
    1.123915433883667,
    0.8553505539894104,
    0.7226898074150085,
    0.6151032447814941,
    0.5505144000053406,
    0.43508777022361755,
    0.41155490279197693,
    0.35781627893447876,
    0.32372087240219116,
    0.2740860879421234,
    0.2756962478160858,
    0.2536161243915558
  ],
  "wall_seconds": 11.646820306777954
}
