{
  "L": 24,
  "T": [
    0.15000000596046448,
    0.16783727705478668,
    0.18779568374156952,
    0.21012745797634125,
    0.23511479794979095,
    0.26307353377342224,
    0.29435697197914124,
    0.3293604850769043,
    0.36852648854255676,
    0.4123498797416687,
    0.4613845646381378,
    0.5162501931190491,
    0.577640175819397,
    0.6463304162025452,
    0.7231889367103577,
    0.809187114238739,
    0.9054117202758789,
    1.0130789279937744,
    1.133549451828003,
    1.2683457136154175,
    1.4191713333129883,
    1.5879324674606323,
    1.776761770248413,
    1.9880458116531372,
    2.224454641342163,
    2.488976240158081,
    2.7849533557891846,
    3.116126537322998,
    3.4866814613342285,
    3.9013009071350098,
    4.365224838256836,
    4.884316444396973,
    5.4651360511779785,
    6.115024089813232,
    6.842193603515625,
    7.655834197998047,
    8.566229820251465,
    9.584884643554688,
    10.7246732711792,
    12.0
  ],
  "abs_mag": [
    0.01194444578140974,
    0.011643518693745136,
    0.013125001452863216,
    0.013564815744757652,
    0.011134260334074497,
    0.01562499813735485,
    0.010740743018686771,
    0.014027778059244156,
    0.01453703735023737,
    0.013009260408580303,
    0.014999999664723873,
    0.011990740895271301,
    0.01379629597067833,
    0.010879630222916603,
    0.013819444924592972,
    0.014375001192092896,
    0.013472223654389381,
    0.013263889588415623,
    0.013703705742955208,
    0.013657407835125923,
    0.015046297572553158,
    0.014467595145106316,
    0.015486111864447594,
    0.01638888753950596,
    0.015138889662921429,
    0.015671297907829285,
    0.018634259700775146,
    0.019143519923090935,
    0.017777778208255768,
    0.01997685246169567,
    0.020949071273207664,
    0.022361110895872116,
    0.023657407611608505,
    0.022175924852490425,
    0.01935185305774212,
    0.024722224101424217,
    0.022893520072102547,
    0.024143517017364502,
    0.026180554181337357,
    0.025462964549660683
  ],
  "config": {
    "J": -1.0,
    "L": 24,
    "T_max": 12.0,
    "T_min": 0.15,
    "device": "cpu",
    "grid": "geometric",
    "lattice": "triangular",
    "method": "thermodynamic-integration-of-C-over-T",
    "n_burnin": 1000,
    "n_sweeps": 3000,
    "n_temps": 40,
    "seed": 42
  },
  "e_ground": -1.0,
  "energy": [
    -1.0,
    -1.0,
    -1.0,
    -1.0,
    -1.0,
    -1.0,
    -1.0,
    -0.9999536871910095,
    -0.9999536871910095,
    -0.9994907379150391,
    -0.9987499117851257,
    -0.9981018304824829,
    -0.9955092072486877,
    -0.9902313351631165,
    -0.9809722900390625,
    -0.9697222113609314,
    -0.9513426423072815,
    -0.929027795791626,
    -0.9048611521720886,
    -0.8752778172492981,
    -0.8411111235618591,
    -0.8098148107528687,
    -0.7677315473556519,
    -0.7298148274421692,
    -0.6897222399711609,
    -0.6620370745658875,
    -0.6132407188415527,
    -0.5786573886871338,
    -0.5361111164093018,
    -0.5039351582527161,
    -0.46449071168899536,
    -0.431851863861084,
    -0.3964814841747284,
    -0.3674074113368988,
    -0.3418518602848053,
    -0.3075462877750397,
    -0.27953705191612244,
    -0.26032403111457825,
    -0.23587964475154877,
    -0.2162037193775177
  ],
  "energy_err": [
    0.0,
    0.0,
    0.0,
    0.0,
    0.0,
    0.0,
    0.0,
    4.629611794371158e-05,
    4.629611794371158e-05,
    0.00014830479631200433,
    0.00023749277170281857,
    0.00029302388429641724,
    0.0004651480703614652,
    0.000643973471596837,
    0.0009160003392025828,
    0.0011884300038218498,
    0.0012931464007124305,
    0.0014657896244898438,
    0.0018249545246362686,
    0.0021305750124156475,
    0.0019464410142973065,
    0.002149637322872877,
    0.002628949237987399,
    0.0029767670203000307,
    0.003190855961292982,
    0.0031081961933523417,
    0.0032188817858695984,
    0.0035912045277655125,
    0.003648726735264063,
    0.0038755142595618963,
    0.003835285548120737,
    0.0038035644683986902,
    0.004410850815474987,
    0.004199342802166939,
    0.004630785435438156,
    0.0050580152310431,
    0.0044994051568210125,
    0.005084565840661526,
    0.004805156495422125,
    0.005127639044076204
  ],
  "entropy_curve": [
    0.3337729108318757,
    0.3337729108318757,
    0.3337729108318757,
    0.3337729108318757,
    0.3337729108318757,
    0.3337729108318757,
    0.3337729108318757,
    0.33386817624427867,
    0.3340395341459575,
    0.33473931489670106,
    0.33664051245427007,
    0.33947138977702707,
    0.3441512465720291,
    0.3520642146339208,
    0.3645859850383157,
    0.38272140391832715,
    0.40295692160043173,
    0.42288591893273636,
    0.4454767081180223,
    0.4715791764154411,
    0.4942543493139133,
    0.5121602424480923,
    0.5315521338461457,
    0.5529180451270391,
    0.573649073152112,
    0.5910891788437479,
    0.6050494031856009,
    0.6178943692884437,
    0.6295783569865385,
    0.6396165682931725,
    0.648096572597462,
    0.6547424333115024,
    0.6608070782179842,
    0.666221636903538,
    0.6707040071730447,
    0.6750171333814666,
    0.6784519193471966,
    0.6811389507159629,
    0.6834636860432882,
    0.6853119609457375
  ],
  "entropy_removed": 0.3593742697280696,
  "experiment": "M13-triangular-afm",
  "headline": "Frustrated triangular Ising antiferromagnet (L=24): no ordering transition, a macroscopically degenerate ground state. Integrating C(T)/T from S(∞)=ln2 down gives a residual entropy S0/N = 0.3338 k_B vs Wannier's exact 0.3383 (Δ=0.0045); ground-state energy -1.0000 per spin (exact −1) — residual S0/N ≈ 0.3338 k_B — Wannier reproduced · 6s",
  "high_t_tail": 0.007835219614207745,
  "public_receipt": {
    "claim_boundary": "Saved measurements can be regraded; this receipt is not a simulation rerun.",
    "omitted": [],
    "schema": "windowsill.measurement-receipt.v1",
    "source_report_sha256": "6dcac54638ef05762943a899e1735e04b0f36ef6f37532f0e67b655e89ba33b0"
  },
  "resolved": true,
  "s0_abs_error": 0.004527089168124276,
  "s0_benchmark": 0.3383,
  "s0_measured": 0.3337729108318757,
  "s0_no_tail": 0.34160813044608346,
  "s_inf": 0.6931471805599453,
  "specific_heat": [
    0.0,
    0.0,
    0.0,
    0.0,
    0.0,
    0.0,
    0.0,
    0.0016957231564447284,
    0.0013544423272833228,
    0.011101647280156612,
    0.022739630192518234,
    0.027649952098727226,
    0.05565144494175911,
    0.08519918471574783,
    0.13768811523914337,
    0.18512199819087982,
    0.17507006227970123,
    0.17966581881046295,
    0.22244976460933685,
    0.24217377603054047,
    0.16144387423992157,
    0.1572805941104889,
    0.1878947913646698,
    0.19241800904273987,
    0.17659403383731842,
    0.1338394433259964,
    0.11465233564376831,
    0.11398793756961823,
    0.09398680925369263,
    0.08469319343566895,
    0.0662507712841034,
    0.05204544588923454,
    0.055905118584632874,
    0.040473904460668564,
    0.039312198758125305,
    0.037461403757333755,
    0.023677699267864227,
    0.024151423946022987,
    0.017228825017809868,
    0.01567043922841549
  ],
  "wall_seconds": 5.7340452671051025
}
