{
  "T": [
    1.5,
    1.600000023841858,
    1.7000000476837158,
    1.7999999523162842,
    1.899999976158142,
    2.0,
    2.0999999046325684,
    2.200000047683716,
    2.299999952316284,
    2.4000000953674316,
    2.5,
    2.5999999046325684,
    2.700000047683716,
    2.799999952316284,
    2.9000000953674316,
    3.0,
    3.0999999046325684,
    3.200000047683716,
    3.299999952316284,
    3.4000000953674316,
    3.5
  ],
  "abs_mag": [
    0.9865338802337646,
    0.9795656800270081,
    0.7700777053833008,
    0.7639948725700378,
    0.9383131265640259,
    0.9111807942390442,
    0.868720293045044,
    0.7868157029151917,
    0.2886139452457428,
    0.07855651527643204,
    0.049813415855169296,
    0.037267882376909256,
    0.031052185222506523,
    0.025834716856479645,
    0.023616455495357513,
    0.0213474128395319,
    0.019438598304986954,
    0.017794067040085793,
    0.016854919493198395,
    0.01610845886170864,
    0.0153806759044528
  ],
  "abs_mag_err": [
    3.4581124054966494e-05,
    4.5389631850412115e-05,
    0.007493635639548302,
    0.007226102519780397,
    0.00010578239744063467,
    0.0001562681281939149,
    0.0002552846563048661,
    0.0005314174923114479,
    0.004006159491837025,
    0.0013293622760102153,
    0.0008141221478581429,
    0.0006493810215033591,
    0.0005198072758503258,
    0.00044104864355176687,
    0.0003947537625208497,
    0.00036058126715943217,
    0.0003409538767300546,
    0.0003075275453738868,
    0.00028660407406277955,
    0.0002706957166083157,
    0.0002562837617006153
  ],
  "chi": [
    0.02604166604578495,
    0.04150390625,
    1873.1973876953125,
    950.0987548828125,
    0.19274260103702545,
    0.3994140625,
    1.015625,
    4.2041015625,
    729.8377685546875,
    65.98799133300781,
    24.943706512451172,
    14.05848503112793,
    9.123372077941895,
    6.1804914474487305,
    4.904112815856934,
    3.9071176052093506,
    3.2167434692382812,
    2.5883400440216064,
    2.2254974842071533,
    1.956066370010376,
    1.7216061353683472
  ],
  "chi_abs": [
    0.02604166604578495,
    0.04150390625,
    1081.854248046875,
    950.0987548828125,
    0.19274260103702545,
    0.3994140625,
    1.015625,
    4.2041015625,
    228.53952026367188,
    24.116165161132812,
    8.683039665222168,
    5.312005519866943,
    3.277582883834839,
    2.275346040725708,
    1.759896993637085,
    1.4194425344467163,
    1.2281808853149414,
    0.9679455757141113,
    0.8152363896369934,
    0.7058568596839905,
    0.6146203279495239
  ],
  "config": {
    "L": 128,
    "T_max": 3.5,
    "T_min": 1.5,
    "device": "cuda",
    "n_burnin": 8000,
    "n_sweeps": 40000,
    "n_temps": 21,
    "sample_every": 20,
    "seed": 1003
  },
  "energy": [
    -1.951215386390686,
    -1.9280346632003784,
    -1.883732795715332,
    -1.8445158004760742,
    -1.8096590042114258,
    -1.7453289031982422,
    -1.6621938943862915,
    -1.5471800565719604,
    -1.3469358682632446,
    -1.2041349411010742,
    -1.1059255599975586,
    -1.0275042057037354,
    -0.9631184339523315,
    -0.908004879951477,
    -0.8595274686813354,
    -0.8173874616622925,
    -0.7797691822052002,
    -0.7448593974113464,
    -0.7142449021339417,
    -0.6859372854232788,
    -0.6601940989494324
  ],
  "experiment": "M01-ising-verification",
  "generated_at": "2026-07-23T10:12:35.016303+00:00",
  "headline": "χ peaked at T≈1.700 vs Onsager 2.2692 · 11s on GPU",
  "provenance": {
    "dependencies": {
      "matplotlib": "3.11.1",
      "numpy": "2.5.1",
      "torch": "2.10.0.dev20251031+rocm6.4"
    },
    "platform": "linux-x86_64",
    "python": "3.14.4",
    "source_clean": true,
    "source_commit": "9df8c6522e734fbc342cb2d3478c9bb41f347fef",
    "source_diff_sha256": null,
    "source_tree_sha256": "993d4377edb0020647d4afd96e61fb98ed6c5378cb0bb2fd3d4034081308e5ee"
  },
  "public_receipt": {
    "claim_boundary": "Saved measurements can be regraded; this receipt is not a simulation rerun.",
    "omitted": [
      {
        "path": "snapshots",
        "reason": "large visual lattice snapshots",
        "sha256": "4d0f5807d6fe706860ad072fa544fd4d2ebef85dcc8c0895cba23bc8718c4710"
      }
    ],
    "schema": "windowsill.measurement-receipt.v1",
    "source_report_sha256": "7a1534bfedd8475dafd6dcf79172be4cb32929897414b406ddbeb93f3e5736bd"
  },
  "report_schema_version": 1,
  "reproduction": {
    "regrade": "python -m lab.cli verify M01",
    "rerun": "python -m lab.cli run"
  },
  "specific_heat": [
    0.18821194767951965,
    0.2572364807128906,
    3.473602533340454,
    3.3729469776153564,
    0.5438683032989502,
    0.7580996751785278,
    0.9805942177772522,
    1.4486489295959473,
    2.1022913455963135,
    1.1018400192260742,
    0.8415742516517639,
    0.6788889765739441,
    0.5827493071556091,
    0.5332802534103394,
    0.46808022260665894,
    0.4041568636894226,
    0.3557555675506592,
    0.335524320602417,
    0.2830592095851898,
    0.27829185128211975,
    0.24905109405517578
  ],
  "wall_seconds": 10.730215549468994
}
