{
  "T": [
    1.5,
    1.600000023841858,
    1.7000000476837158,
    1.7999999523162842,
    1.899999976158142,
    2.0,
    2.0999999046325684,
    2.200000047683716,
    2.299999952316284,
    2.4000000953674316,
    2.5,
    2.5999999046325684,
    2.700000047683716,
    2.799999952316284,
    2.9000000953674316,
    3.0,
    3.0999999046325684,
    3.200000047683716,
    3.299999952316284,
    3.4000000953674316,
    3.5
  ],
  "abs_mag": [
    0.9865262508392334,
    0.9796121716499329,
    0.9700387716293335,
    0.9567907452583313,
    0.9384487867355347,
    0.9114203453063965,
    0.8689572215080261,
    0.7861887812614441,
    0.2608574330806732,
    0.080374576151371,
    0.05041278153657913,
    0.03664172440767288,
    0.030124634504318237,
    0.026881469413638115,
    0.024049438536167145,
    0.02138177491724491,
    0.019611267372965813,
    0.01869622804224491,
    0.017246581614017487,
    0.016436157748103142,
    0.015299743972718716
  ],
  "abs_mag_err": [
    3.545908839441836e-05,
    4.5793734898325056e-05,
    5.932697968091816e-05,
    7.871272828197107e-05,
    0.00010820982424775138,
    0.0001539165823487565,
    0.00024903652956709266,
    0.0005229219677858055,
    0.0034463629126548767,
    0.0013706404715776443,
    0.0008627240895293653,
    0.0006277649663388729,
    0.0005143624730408192,
    0.00044567795703187585,
    0.0004037870094180107,
    0.00035712739918380976,
    0.00032936959178186953,
    0.00030956772388890386,
    0.00028659089002758265,
    0.0002857782819774002,
    0.0002590226358734071
  ],
  "chi": [
    0.02734375,
    0.0421142578125,
    0.06778492778539658,
    0.1133897602558136,
    0.20148026943206787,
    0.3876953125,
    0.9672619700431824,
    4.070933818817139,
    624.0784301757812,
    69.66351318359375,
    26.319347381591797,
    13.424777030944824,
    8.709548950195312,
    6.550267219543457,
    5.108563423156738,
    3.889181137084961,
    3.1785571575164795,
    2.7646260261535645,
    2.2892677783966064,
    2.087186336517334,
    1.7234772443771362
  ],
  "chi_abs": [
    0.02734375,
    0.0421142578125,
    0.06778492778539658,
    0.1133897602558136,
    0.20148026943206787,
    0.3876953125,
    0.9672619700431824,
    4.070933818817139,
    169.1324005126953,
    25.6370792388916,
    9.750717163085938,
    4.964248180389404,
    3.2092790603637695,
    2.3233633041381836,
    1.8413628339767456,
    1.392379641532898,
    1.1461410522460938,
    0.9808310866355896,
    0.8151612281799316,
    0.7867054343223572,
    0.627826988697052
  ],
  "config": {
    "L": 128,
    "T_max": 3.5,
    "T_min": 1.5,
    "device": "cuda",
    "n_burnin": 8000,
    "n_sweeps": 40000,
    "n_temps": 21,
    "sample_every": 20,
    "seed": 1005
  },
  "energy": [
    -1.9512431621551514,
    -1.9281789064407349,
    -1.8981645107269287,
    -1.8591538667678833,
    -1.8097548484802246,
    -1.745718002319336,
    -1.6620001792907715,
    -1.5471161603927612,
    -1.344965934753418,
    -1.20382821559906,
    -1.1057758331298828,
    -1.0283076763153076,
    -0.9635800719261169,
    -0.9085366129875183,
    -0.8599692583084106,
    -0.8163155317306519,
    -0.7789556980133057,
    -0.7450230717658997,
    -0.714585542678833,
    -0.6860173344612122,
    -0.6601124405860901
  ],
  "experiment": "M01-ising-verification",
  "generated_at": "2026-07-23T18:13:31.097790+00:00",
  "headline": "χ peaked at T≈2.300 vs Onsager 2.2692 · 11s on GPU",
  "provenance": {
    "dependencies": {
      "matplotlib": "3.11.1",
      "numpy": "2.5.1",
      "torch": "2.10.0.dev20251031+rocm6.4"
    },
    "platform": "linux-x86_64",
    "python": "3.14.4",
    "source_clean": true,
    "source_commit": "4220653561c85f749c30f666d9c8288cbdcb94ef",
    "source_diff_sha256": null,
    "source_tree_sha256": "993d4377edb0020647d4afd96e61fb98ed6c5378cb0bb2fd3d4034081308e5ee"
  },
  "public_receipt": {
    "claim_boundary": "Saved measurements can be regraded; this receipt is not a simulation rerun.",
    "omitted": [
      {
        "path": "snapshots",
        "reason": "large visual lattice snapshots",
        "sha256": "458a58a1c8370b798b23e073b5ace708bcc3251cf86687cc3c64fe84410da37b"
      }
    ],
    "schema": "windowsill.measurement-receipt.v1",
    "source_report_sha256": "197af75438446143ce7c00c208b9d2ca3bb31543525ebde4881a94c427ba6b12"
  },
  "report_schema_version": 1,
  "reproduction": {
    "regrade": "python -m lab.cli verify M01",
    "rerun": "python -m lab.cli run"
  },
  "specific_heat": [
    0.20428244769573212,
    0.2678203284740448,
    0.3314324915409088,
    0.4324035942554474,
    0.5687474012374878,
    0.7298394441604614,
    0.9606597423553467,
    1.4171322584152222,
    1.880170226097107,
    1.1889402866363525,
    0.8440020680427551,
    0.7041032314300537,
    0.5953428745269775,
    0.5440024733543396,
    0.4542912244796753,
    0.3927771747112274,
    0.36449578404426575,
    0.33156123757362366,
    0.30483773350715637,
    0.2718641459941864,
    0.24050568044185638
  ],
  "wall_seconds": 10.583511352539062
}
