{
  "L": 64,
  "T": [
    0.6000000238418579,
    0.6200000047683716,
    0.64000004529953,
    0.6600000262260437,
    0.6800000071525574,
    0.7000000476837158,
    0.7200000286102295,
    0.7400000095367432,
    0.7599999904632568,
    0.7800000309944153,
    0.800000011920929,
    0.8199999928474426,
    0.8400000333786011,
    0.8600000143051147,
    0.8800000548362732,
    0.9000000357627869,
    0.9200000166893005,
    0.940000057220459,
    0.9600000381469727,
    0.9800000190734863,
    1.0,
    1.0199999809265137,
    1.040000081062317,
    1.0600000619888306,
    1.0800000429153442,
    1.100000023841858
  ],
  "abs_mag": [
    0.7708066701889038,
    0.7615246176719666,
    0.7538994550704956,
    0.7440308928489685,
    0.7359684109687805,
    0.7268518209457397,
    0.7164646983146667,
    0.707078218460083,
    0.698192834854126,
    0.686936616897583,
    0.6764683723449707,
    0.6639902591705322,
    0.6504966020584106,
    0.6350368857383728,
    0.6227116584777832,
    0.6037731766700745,
    0.5796034932136536,
    0.5605993866920471,
    0.5267214179039001,
    0.48209935426712036,
    0.4178100526332855,
    0.35707011818885803,
    0.29425743222236633,
    0.2399865835905075,
    0.19623379409313202,
    0.1591903269290924
  ],
  "acceptance": [
    0.6535956859588623,
    0.6545591354370117,
    0.6556370258331299,
    0.6566708087921143,
    0.6576275825500488,
    0.6587237119674683,
    0.6598647236824036,
    0.6610558032989502,
    0.6623098254203796,
    0.6635230183601379,
    0.6648716330528259,
    0.6662900447845459,
    0.6678071022033691,
    0.6694097518920898,
    0.6711294651031494,
    0.6730654835700989,
    0.6750890612602234,
    0.6772624254226685,
    0.6797345280647278,
    0.6823946833610535,
    0.6855646967887878,
    0.6888877749443054,
    0.6924386620521545,
    0.6960334777832031,
    0.6996530294418335,
    0.7033538222312927
  ],
  "config": {
    "L": 64,
    "T_max": 1.1,
    "T_min": 0.6,
    "model": "xy",
    "n_burnin": 8000,
    "n_sweeps": 40000,
    "n_temps": 26,
    "over_relax": 1,
    "seed": 42,
    "updater": "metropolis"
  },
  "energy": [
    -1.6679325103759766,
    -1.6551105976104736,
    -1.6419055461883545,
    -1.6289186477661133,
    -1.615071415901184,
    -1.601322889328003,
    -1.5876214504241943,
    -1.5724470615386963,
    -1.5579192638397217,
    -1.5433474779129028,
    -1.5269948244094849,
    -1.510755181312561,
    -1.4938862323760986,
    -1.476335048675537,
    -1.4583289623260498,
    -1.4383766651153564,
    -1.4185175895690918,
    -1.3969907760620117,
    -1.3737587928771973,
    -1.3493342399597168,
    -1.321475863456726,
    -1.292946219444275,
    -1.2630141973495483,
    -1.2330387830734253,
    -1.2034547328948975,
    -1.175479769706726
  ],
  "experiment": "M08-xy-bkt",
  "headline": "2D XY BKT (L=64): helicity Υ(T) crosses the (2/π)T jump line at T_BKT=0.9128 vs benchmark 0.8929 (rel. err 2.2%) · 94s on GPU",
  "helicity_err": [
    8.253647683886811e-05,
    8.862144022714347e-05,
    8.996876567834988e-05,
    9.451359073864296e-05,
    9.965758363250643e-05,
    0.00010353773541282862,
    0.00010800289601320401,
    0.00011185808398295194,
    0.00011533045471878722,
    0.00012252898886799812,
    0.00012466790212783962,
    0.00013171475438866764,
    0.00013497741019818932,
    0.00014083398855291307,
    0.00014802932855673134,
    0.0001533127506263554,
    0.00016850621614139527,
    0.0001723770546959713,
    0.0001842653437051922,
    0.00019272146164439619,
    0.00021415208175312728,
    0.00021214745356701314,
    0.00022247179003898054,
    0.00022469156829174608,
    0.00022442755289375782,
    0.0002259848843095824
  ],
  "helicity_modulus": [
    0.8202031254768372,
    0.8111025094985962,
    0.8030192255973816,
    0.7951158285140991,
    0.7862815260887146,
    0.7764645218849182,
    0.7659445405006409,
    0.7557886838912964,
    0.7453017830848694,
    0.7341417670249939,
    0.7172191143035889,
    0.7042434215545654,
    0.6854609847068787,
    0.6629661917686462,
    0.6425901055335999,
    0.615545928478241,
    0.561799168586731,
    0.5237946510314941,
    0.45425844192504883,
    0.3357797861099243,
    0.219887375831604,
    0.15455877780914307,
    0.07463765144348145,
    0.03145843744277954,
    0.019746065139770508,
    0.005883634090423584
  ],
  "public_receipt": {
    "claim_boundary": "Saved measurements can be regraded; this receipt is not a simulation rerun.",
    "omitted": [],
    "schema": "windowsill.measurement-receipt.v1",
    "source_report_sha256": "098a6b56bf1ac1e0787b9f6b5d51504a330cc74677859b10cd1064eb8fd2d2ec"
  },
  "rel_error": 0.022300925420817044,
  "tc_benchmark": 0.8929,
  "tc_crossing": 0.9128124963082476,
  "two_over_pi": 0.6366197723675814,
  "updater": "metropolis",
  "wall_seconds": 93.65099954605103
}
