{
  "T": [
    1.5,
    1.600000023841858,
    1.7000000476837158,
    1.7999999523162842,
    1.899999976158142,
    2.0,
    2.0999999046325684,
    2.200000047683716,
    2.299999952316284,
    2.4000000953674316,
    2.5,
    2.5999999046325684,
    2.700000047683716,
    2.799999952316284,
    2.9000000953674316,
    3.0,
    3.0999999046325684,
    3.200000047683716,
    3.299999952316284,
    3.4000000953674316,
    3.5
  ],
  "abs_mag": [
    0.9864783883094788,
    0.9795998930931091,
    0.9700629711151123,
    0.956829309463501,
    0.9384077787399292,
    0.9113120436668396,
    0.8686172962188721,
    0.7827430963516235,
    0.26185736060142517,
    0.07882373034954071,
    0.050743408501148224,
    0.03770983964204788,
    0.031165221706032753,
    0.026303283870220184,
    0.02298278734087944,
    0.020778197795152664,
    0.01990405283868313,
    0.01846020482480526,
    0.01690954528748989,
    0.015933655202388763,
    0.01515222154557705
  ],
  "abs_mag_err": [
    3.452093733358197e-05,
    4.572694524540566e-05,
    6.0153128288220614e-05,
    7.913840090623125e-05,
    0.00010801646567415446,
    0.000150364896398969,
    0.00023892543686088175,
    0.0006530080572701991,
    0.0037569014821201563,
    0.0013373326510190964,
    0.0008427060092799366,
    0.0006312545156106353,
    0.0005154315731488168,
    0.00044253328815102577,
    0.00038658734411001205,
    0.00035705830669030547,
    0.00033643594360910356,
    0.00031364994356408715,
    0.0002827851858455688,
    0.0002734353765845299,
    0.0002498880203347653
  ],
  "chi": [
    0.02604166604578495,
    0.042724609375,
    0.07008271664381027,
    0.1133897602558136,
    0.20148026943206787,
    0.37109375,
    0.8905320167541504,
    6.348100185394287,
    689.4312133789062,
    66.25772094726562,
    26.153589248657227,
    13.974812507629395,
    9.116043090820312,
    6.339077472686768,
    4.671758651733398,
    3.743809461593628,
    3.2880077362060547,
    2.751248836517334,
    2.212712526321411,
    1.9427317380905151,
    1.6589758396148682
  ],
  "chi_abs": [
    0.02604166604578495,
    0.042724609375,
    0.07008271664381027,
    0.1133897602558136,
    0.20148026943206787,
    0.37109375,
    0.8905320167541504,
    6.348100185394287,
    200.98532104492188,
    24.406211853027344,
    9.303468704223633,
    5.019589900970459,
    3.2226338386535645,
    2.290692090988159,
    1.6878350973129272,
    1.3918415307998657,
    1.195847511291504,
    1.0068695545196533,
    0.7936557531356812,
    0.7202168107032776,
    0.584326446056366
  ],
  "config": {
    "L": 128,
    "T_max": 3.5,
    "T_min": 1.5,
    "device": "cuda",
    "n_burnin": 8000,
    "n_sweeps": 40000,
    "n_temps": 21,
    "sample_every": 20,
    "seed": 42
  },
  "energy": [
    -1.9510200023651123,
    -1.9281806945800781,
    -1.8980261087417603,
    -1.8591924905776978,
    -1.8096628189086914,
    -1.7454627752304077,
    -1.6615593433380127,
    -1.5459272861480713,
    -1.3459465503692627,
    -1.2033179998397827,
    -1.1047289371490479,
    -1.0281903743743896,
    -0.9633424282073975,
    -0.9084492325782776,
    -0.860060453414917,
    -0.8175872564315796,
    -0.7792156934738159,
    -0.7447319626808167,
    -0.7138112783432007,
    -0.6861507296562195,
    -0.6596799492835999
  ],
  "experiment": "M01-ising-verification",
  "generated_at": "2026-07-21T07:00:55.094729+00:00",
  "headline": "χ peaked at T≈2.300 vs Onsager 2.2692 · 11s on GPU",
  "provenance": {
    "dependencies": {
      "matplotlib": "3.11.1",
      "numpy": "2.5.1",
      "torch": "2.10.0.dev20251031+rocm6.4"
    },
    "platform": "linux-x86_64",
    "python": "3.14.4",
    "source_clean": true,
    "source_commit": "eae8183663c4f0f2547536c58c941d71d6452445",
    "source_diff_sha256": null,
    "source_tree_sha256": "993d4377edb0020647d4afd96e61fb98ed6c5378cb0bb2fd3d4034081308e5ee"
  },
  "public_receipt": {
    "claim_boundary": "Saved measurements can be regraded; this receipt is not a simulation rerun.",
    "omitted": [
      {
        "path": "snapshots",
        "reason": "large visual lattice snapshots",
        "sha256": "96e90589568daf80410bd8d9cf02171661fcf9ff275dc98bbe0c226d117ef84b"
      }
    ],
    "schema": "windowsill.measurement-receipt.v1",
    "source_report_sha256": "046a7409654eead28d906dd06305d9d6f5fadbe094dcecd6f6fd305c8b04f0bc"
  },
  "report_schema_version": 1,
  "reproduction": {
    "regrade": "python -m lab.cli verify M01",
    "rerun": "python -m lab.cli run"
  },
  "specific_heat": [
    0.19196099042892456,
    0.26205307245254517,
    0.3420563042163849,
    0.4548146426677704,
    0.5591349005699158,
    0.699635922908783,
    0.9198228120803833,
    1.4248547554016113,
    2.0799574851989746,
    1.086800456047058,
    0.8416576981544495,
    0.7057704925537109,
    0.6236557960510254,
    0.5078537464141846,
    0.4179529845714569,
    0.3875826895236969,
    0.3690856695175171,
    0.3150191903114319,
    0.29084306955337524,
    0.28312888741493225,
    0.25501129031181335
  ],
  "wall_seconds": 10.501170873641968
}
