{
  "L": 129,
  "T": [
    3.299999952316284,
    3.3291666507720947,
    3.3583333492279053,
    3.387500047683716,
    3.4166665077209473,
    3.445833206176758,
    3.4749999046325684,
    3.504166603088379,
    3.5333333015441895,
    3.5625,
    3.5916666984558105,
    3.620833396911621,
    3.6500000953674316,
    3.679166555404663,
    3.7083332538604736,
    3.737499952316284,
    3.7666666507720947,
    3.7958333492279053,
    3.825000047683716,
    3.8541667461395264,
    3.883333206176758,
    3.9124999046325684,
    3.941666603088379,
    3.9708333015441895,
    4.0
  ],
  "abs_mag": [
    0.8795548677444458,
    0.870810329914093,
    0.8617398738861084,
    0.8514233231544495,
    0.8402119874954224,
    0.8257017135620117,
    0.8107970356941223,
    0.7928164601325989,
    0.7689411640167236,
    0.7383972406387329,
    0.697309672832489,
    0.6313663125038147,
    0.4999827444553375,
    0.27003252506256104,
    0.20363162457942963,
    0.14428314566612244,
    0.12149564176797867,
    0.09578846395015717,
    0.08567207306623459,
    0.07530929893255234,
    0.0653800219297409,
    0.06181984394788742,
    0.05843525007367134,
    0.05172303691506386,
    0.048321496695280075
  ],
  "abs_mag_err": [
    0.00019310669449623674,
    0.00021204362565185875,
    0.00023735746799502522,
    0.00025851992540992796,
    0.0002938108518719673,
    0.0003424831375014037,
    0.00041204140870831907,
    0.00045611022505909204,
    0.0006372022908180952,
    0.000816059357021004,
    0.0012445520842447877,
    0.0018433395307511091,
    0.0033556974958628416,
    0.0037419069558382034,
    0.003091893857344985,
    0.0022794173564761877,
    0.0019426137441769242,
    0.001581727177836001,
    0.001375715946778655,
    0.0012473295209929347,
    0.001099976827390492,
    0.0010207260493189096,
    0.0009585819207131863,
    0.0008953935466706753,
    0.000815152598079294
  ],
  "chi": [
    0.37541186809539795,
    0.44869264960289,
    0.5576192140579224,
    0.6561785936355591,
    0.8407279849052429,
    1.1318236589431763,
    1.6255429983139038,
    1.974609613418579,
    3.822577953338623,
    6.218571186065674,
    14.345498085021973,
    31.217470169067383,
    102.62787628173828,
    126.5986328125,
    85.75565338134766,
    46.24435806274414,
    33.327903747558594,
    21.925439834594727,
    16.459564208984375,
    13.428389549255371,
    10.36465072631836,
    8.858420372009277,
    7.754805088043213,
    6.716426372528076,
    5.525989532470703
  ],
  "config": {
    "L": 129,
    "T_max": 4.0,
    "T_min": 3.3,
    "lattice": "triangular",
    "n_burnin": 8000,
    "n_sweeps": 40000,
    "n_temps": 25,
    "seed": 42
  },
  "energy": [
    -2.471156120300293,
    -2.444075107574463,
    -2.4167871475219727,
    -2.3871309757232666,
    -2.3568942546844482,
    -2.322878837585449,
    -2.2887065410614014,
    -2.250293493270874,
    -2.2093403339385986,
    -2.162806749343872,
    -2.1156811714172363,
    -2.055264949798584,
    -1.9842301607131958,
    -1.905164361000061,
    -1.8557050228118896,
    -1.807168960571289,
    -1.7654961347579956,
    -1.7256662845611572,
    -1.690208911895752,
    -1.6573337316513062,
    -1.6247508525848389,
    -1.5970580577850342,
    -1.5677807331085205,
    -1.5391920804977417,
    -1.513623833656311
  ],
  "experiment": "M05-triangular",
  "headline": "Triangular-lattice 2D Ising (L=129): χ peaks at T_c=3.675 vs exact 4/ln3 = 3.6410 (rel. err 0.9%); C-peak cross-check 3.650 · 63s on GPU",
  "public_receipt": {
    "claim_boundary": "Saved measurements can be regraded; this receipt is not a simulation rerun.",
    "omitted": [],
    "schema": "windowsill.measurement-receipt.v1",
    "source_report_sha256": "49f864d55d593fcfe61449a276cbbcb9637c4610c6e282c4d2011da00c7fbd37"
  },
  "rel_error": 0.009451735720279046,
  "specific_heat": [
    0.8584399819374084,
    0.901554524898529,
    1.027950406074524,
    1.0186842679977417,
    1.1272097826004028,
    1.1763594150543213,
    1.1715203523635864,
    1.3171910047531128,
    1.422482967376709,
    1.70365309715271,
    1.841027021408081,
    2.2452800273895264,
    2.6673386096954346,
    2.2352607250213623,
    1.7198798656463623,
    1.5353337526321411,
    1.396550178527832,
    1.3116291761398315,
    1.123319149017334,
    1.1020665168762207,
    1.037315011024475,
    0.9945651292800903,
    0.9155440330505371,
    0.9262509942054749,
    0.8157805800437927
  ],
  "tc_benchmark": 3.6409569065073493,
  "tc_chi": 3.679166555404663,
  "tc_chi_refined": 3.6753702689565815,
  "tc_cv_refined": 3.649829027872829,
  "wall_seconds": 62.80194449424744
}
