{
  "L_values": [
    32,
    64,
    128,
    256
  ],
  "config": {
    "T_max": 2.4,
    "T_min": 2.27,
    "n_burnin": 30000,
    "n_sweeps": 80000,
    "n_temps": 24,
    "seed": 42
  },
  "curves": [
    {
      "L": 32,
      "T": [
        2.2699999809265137,
        2.2756521701812744,
        2.281304359436035,
        2.286956548690796,
        2.2926087379455566,
        2.2982609272003174,
        2.303913116455078,
        2.309565305709839,
        2.3152174949645996,
        2.3208696842193604,
        2.326521873474121,
        2.332174062728882,
        2.3378260135650635,
        2.343478202819824,
        2.349130392074585,
        2.3547825813293457,
        2.3604347705841064,
        2.366086959838867,
        2.371739149093628,
        2.3773913383483887,
        2.3830435276031494,
        2.38869571685791,
        2.394347906112671,
        2.4000000953674316
      ],
      "T_peak": 2.3152174949645996,
      "chi": [
        13.662867546081543,
        14.898931503295898,
        16.607934951782227,
        16.584182739257812,
        17.8861141204834,
        19.84902000427246,
        18.09832191467285,
        19.37311363220215,
        21.07091522216797,
        19.529348373413086,
        19.670207977294922,
        21.037185668945312,
        20.653505325317383,
        20.284116744995117,
        20.363306045532227,
        20.477506637573242,
        20.3834285736084,
        19.13159942626953,
        18.799654006958008,
        18.607107162475586,
        17.51752281188965,
        17.098478317260742,
        16.69675636291504,
        15.727919578552246
      ],
      "chi_max": 21.07091522216797,
      "wall_seconds": 78.62653970718384
    },
    {
      "L": 64,
      "T": [
        2.2699999809265137,
        2.2756521701812744,
        2.281304359436035,
        2.286956548690796,
        2.2926087379455566,
        2.2982609272003174,
        2.303913116455078,
        2.309565305709839,
        2.3152174949645996,
        2.3208696842193604,
        2.326521873474121,
        2.332174062728882,
        2.3378260135650635,
        2.343478202819824,
        2.349130392074585,
        2.3547825813293457,
        2.3604347705841064,
        2.366086959838867,
        2.371739149093628,
        2.3773913383483887,
        2.3830435276031494,
        2.38869571685791,
        2.394347906112671,
        2.4000000953674316
      ],
      "T_peak": 2.2926087379455566,
      "chi": [
        49.57463836669922,
        44.4551887512207,
        57.13166427612305,
        66.17003631591797,
        71.1899185180664,
        67.586181640625,
        67.22756958007812,
        68.69903564453125,
        66.41058349609375,
        63.18467712402344,
        62.00168991088867,
        53.71434783935547,
        49.20769500732422,
        45.405311584472656,
        43.263580322265625,
        38.69160461425781,
        37.63991928100586,
        34.0391845703125,
        31.52488899230957,
        28.50115203857422,
        26.91840362548828,
        26.181385040283203,
        23.74124526977539,
        23.501964569091797
      ],
      "chi_max": 71.1899185180664,
      "wall_seconds": 75.95521855354309
    },
    {
      "L": 128,
      "T": [
        2.2699999809265137,
        2.2756521701812744,
        2.281304359436035,
        2.286956548690796,
        2.2926087379455566,
        2.2982609272003174,
        2.303913116455078,
        2.309565305709839,
        2.3152174949645996,
        2.3208696842193604,
        2.326521873474121,
        2.332174062728882,
        2.3378260135650635,
        2.343478202819824,
        2.349130392074585,
        2.3547825813293457,
        2.3604347705841064,
        2.366086959838867,
        2.371739149093628,
        2.3773913383483887,
        2.3830435276031494,
        2.38869571685791,
        2.394347906112671,
        2.4000000953674316
      ],
      "T_peak": 2.281304359436035,
      "chi": [
        215.85731506347656,
        214.1916961669922,
        295.37384033203125,
        228.8901824951172,
        241.4386749267578,
        197.67642211914062,
        189.9290771484375,
        160.83840942382812,
        114.4227294921875,
        104.96332550048828,
        78.33666229248047,
        80.49424743652344,
        69.1512451171875,
        59.31178665161133,
        50.64433670043945,
        44.94675064086914,
        45.5170783996582,
        35.91108322143555,
        35.576171875,
        31.343120574951172,
        25.704198837280273,
        25.450931549072266,
        25.711956024169922,
        23.347129821777344
      ],
      "chi_max": 295.37384033203125,
      "wall_seconds": 79.6034893989563
    },
    {
      "L": 256,
      "T": [
        2.2699999809265137,
        2.2756521701812744,
        2.281304359436035,
        2.286956548690796,
        2.2926087379455566,
        2.2982609272003174,
        2.303913116455078,
        2.309565305709839,
        2.3152174949645996,
        2.3208696842193604,
        2.326521873474121,
        2.332174062728882,
        2.3378260135650635,
        2.343478202819824,
        2.349130392074585,
        2.3547825813293457,
        2.3604347705841064,
        2.366086959838867,
        2.371739149093628,
        2.3773913383483887,
        2.3830435276031494,
        2.38869571685791,
        2.394347906112671,
        2.4000000953674316
      ],
      "T_peak": 2.2756521701812744,
      "chi": [
        146.34068298339844,
        871.7069091796875,
        727.4678955078125,
        433.5259704589844,
        331.1913146972656,
        329.2571716308594,
        170.39833068847656,
        172.01461791992188,
        144.6657257080078,
        105.88158416748047,
        88.67094421386719,
        77.02068328857422,
        71.25843048095703,
        58.69092559814453,
        55.49154281616211,
        45.7978630065918,
        43.18894577026367,
        36.480159759521484,
        34.06769943237305,
        36.072059631347656,
        29.623472213745117,
        29.33167839050293,
        26.142316818237305,
        23.720489501953125
      ],
      "chi_max": 871.7069091796875,
      "wall_seconds": 80.69119167327881
    }
  ],
  "experiment": "M02-finite-size-scaling",
  "fit_r2": 0.9975477261089182,
  "gamma_over_nu_fit": 1.816435198463711,
  "gamma_over_nu_theory": 1.75,
  "headline": "finite-size scaling: χ_max ∝ L^1.816 (2D Ising γ/ν = 7/4 = 1.75) · 315s on GPU",
  "nu": 1.0,
  "public_receipt": {
    "claim_boundary": "Saved measurements can be regraded; this receipt is not a simulation rerun.",
    "omitted": [],
    "schema": "windowsill.measurement-receipt.v1",
    "source_report_sha256": "135e5a7a029621f528776c9c84cb35262d8e4cb6ada7f6447d95f07a43cfbf10"
  },
  "tc": 2.269185314213022,
  "wall_seconds": 315.10374784469604
}
