{
  "L": 512,
  "L_corr": [
    0.9579617403788665,
    1.3434270004145774,
    1.6132090014954432,
    1.8275043603110515,
    2.0132110542993105,
    2.213073785343748,
    2.388133757242069,
    2.545145808032379,
    2.8278847848209563,
    3.0837277167639945,
    3.3340209324967125,
    3.663986208494944,
    3.957384855801075,
    4.333583036167012,
    4.671718763220579,
    5.1276928855987505,
    5.5530383767796145,
    6.061700783637512,
    6.659672615125076,
    7.246257859450914,
    7.875903232016136,
    8.587319422350832,
    9.328670593256046,
    10.125462398250248,
    11.017355516328616,
    12.009805131056533,
    13.073358379844924,
    14.224191738639945,
    15.47375286043692,
    16.817832997926505,
    18.231171413743315,
    19.784659422151858,
    21.50058315558471,
    23.51277436981965,
    25.673223375080475,
    27.953381501714812,
    30.562727649666698,
    33.489667988279486,
    36.677516938177874,
    40.155947352583894,
    43.73656588636412,
    47.68483384320471,
    51.93312588361503,
    56.40224373125905,
    61.08787204904954,
    66.97902676846657,
    73.32737430167597
  ],
  "L_energy": [
    1.0045442206848274,
    1.3204773465866464,
    1.5617958200901065,
    1.761499667517867,
    1.9338108512457424,
    2.09092431018547,
    2.235172949111785,
    2.3660401911278024,
    2.6076481856875806,
    2.823651614927329,
    3.0235093381264404,
    3.290721610298136,
    3.5391270737348326,
    3.8350240749884046,
    4.108395891670453,
    4.474955882024999,
    4.81644199510339,
    5.217750807727405,
    5.704561753460296,
    6.180360521541237,
    6.679722796328374,
    7.227410618666122,
    7.8412513717175845,
    8.480659155057365,
    9.17405625065814,
    9.947597998858466,
    10.8043567840044,
    11.742044994897915,
    12.739975101360393,
    13.85301711949397,
    14.97161645800482,
    16.105928790648154,
    17.57057104512289,
    18.98520461175403,
    20.963461924748913,
    22.637177397007218,
    24.755105509149786,
    27.108843178052233,
    29.596048719458867,
    32.238488534716204,
    34.69280640910273,
    37.99657259640346,
    41.60525635418499,
    44.7918570532655,
    48.86736060486908,
    53.045200256453136,
    58.614966950858616
  ],
  "T": 1.4976623073805946,
  "T_ratio": 0.66,
  "allen_cahn_exponent": 0.5,
  "config": {
    "L": 512,
    "T": 1.4976623073805946,
    "T_ratio": 0.66,
    "device": "cuda",
    "dynamics": "glauber-heatbath-single-spin",
    "eq_burnin": 3000,
    "eq_sample": 1500,
    "estimator": "correlation-length-half-height",
    "l_min_fit": 4.0,
    "model": "ising-2d-square",
    "n_seeds": 48,
    "n_times": 52,
    "quench": "T=inf -> T<T_c",
    "sat_frac": 0.2,
    "seed": 42,
    "t_fit_min": 20,
    "t_max": 8000
  },
  "corr_fit": {
    "L_hi": 73.32737430167597,
    "L_lo": 4.333583036167012,
    "exponent": 0.48570046882300094,
    "intercept": -0.08156431442514293,
    "n_points": 34,
    "r2": 0.9999214654402953,
    "stderr": 0.0007609234956641457,
    "t_hi": 8000.0,
    "t_lo": 24.0
  },
  "e_eq": -1.9515933698018393,
  "energy": [
    -0.9561170339584351,
    -1.1942914724349976,
    -1.3113048076629639,
    -1.3838952779769897,
    -1.4344797134399414,
    -1.4733359813690186,
    -1.5042006969451904,
    -1.5289462804794312,
    -1.5681060552597046,
    -1.5974420309066772,
    -1.6208518743515015,
    -1.6477086544036865,
    -1.6690378189086914,
    -1.6908388137817383,
    -1.7081893682479858,
    -1.7281274795532227,
    -1.7439712285995483,
    -1.7599399089813232,
    -1.7762950658798218,
    -1.7897905111312866,
    -1.8018865585327148,
    -1.8132312297821045,
    -1.824062705039978,
    -1.8336780071258545,
    -1.84259033203125,
    -1.8510665893554688,
    -1.8590381145477295,
    -1.866429328918457,
    -1.8731002807617188,
    -1.8794069290161133,
    -1.8848003149032593,
    -1.8895044326782227,
    -1.8946800231933594,
    -1.8989207744598389,
    -1.9038913249969482,
    -1.9074182510375977,
    -1.9111976623535156,
    -1.9147050380706787,
    -1.9178050756454468,
    -1.9205745458602905,
    -1.9227689504623413,
    -1.925275206565857,
    -1.9275579452514648,
    -1.9292678833007812,
    -1.931129813194275,
    -1.9327415227890015,
    -1.934532880783081
  ],
  "energy_fit": {
    "L_hi": 58.614966950858616,
    "L_lo": 4.108395891670453,
    "exponent": 0.4691652083099294,
    "intercept": -0.17307417024155505,
    "n_points": 33,
    "r2": 0.9997352437119935,
    "stderr": 0.0013712782648362927,
    "t_hi": 8000.0,
    "t_lo": 28.0
  },
  "excess_energy": [
    0.9954763358434042,
    0.7573018973668417,
    0.6402885621388754,
    0.5676980918248495,
    0.5171136563618979,
    0.47825738843282073,
    0.44739267285664885,
    0.42264708932240813,
    0.3834873145421347,
    0.35415133889516204,
    0.3307414954503378,
    0.30388471539815276,
    0.2825555508931479,
    0.260754556020101,
    0.24340400155385344,
    0.22346589024861663,
    0.20762214120229094,
    0.19165346082051604,
    0.1752983039220175,
    0.16180285867055266,
    0.14970681126912444,
    0.1383621400197348,
    0.12753066476186126,
    0.11791536267598479,
    0.10900303777058928,
    0.10052678044637053,
    0.09255525525410979,
    0.08516404088338225,
    0.07849308904012053,
    0.072186440785726,
    0.06679305489858,
    0.06208893712361663,
    0.05691334660847991,
    0.05267259534200042,
    0.04770204480489104,
    0.04417511876424163,
    0.04039570744832366,
    0.03688833173116057,
    0.03378829415639251,
    0.031018823941548757,
    0.028824419339497975,
    0.02631816323598235,
    0.02403542455037444,
    0.022325486501058034,
    0.02046355660756438,
    0.01885184701283782,
    0.01706048901875823
  ],
  "experiment": "M15-glauber-domain-growth",
  "exponent": 0.48570046882300094,
  "exponent_stderr": 0.0007609234956641457,
  "headline": "2D Ising quenched from T=∞ to T=1.498 (0.66·T_c), L=512, 48 seeds: domain length grows as a clean power law L(t)∼t^n with n=0.486±0.001 (stat, R²=0.9999) from the correlation length; energy-length cross-check n=0.469, drifting to n≈0.496 on the late window. The effective exponent sits a few percent below the asymptotic Allen–Cahn ½ — the documented preasymptotic correction — so the honest systematic band is ≈±0.02. Glauber coarsening exponent consistent with Allen–Cahn t^(1/2) · 34s",
  "l_min_fit": 4.0,
  "late_exponent": 0.49553157048205076,
  "n_seeds": 48,
  "public_receipt": {
    "claim_boundary": "Saved measurements can be regraded; this receipt is not a simulation rerun.",
    "omitted": [
      {
        "path": "G_snapshots",
        "reason": "large visual lattice snapshots",
        "sha256": "2c4299aa6e9f6909613a070b3f148e0520e794d162047e450c73bf6cad29f953"
      },
      {
        "path": "snapshots",
        "reason": "large visual lattice snapshots",
        "sha256": "4a067554a7319c89525cebdc85253d93cac4ebcf5e6dca21062cc2cbe79da117"
      }
    ],
    "schema": "windowsill.measurement-receipt.v1",
    "source_report_sha256": "f4c06a7f2355a58149c42ac8ebe5905ffb5ac7269f17ed760ca194fde69965fa"
  },
  "r2": 0.9999214654402953,
  "sat_frac": 0.2,
  "supports_allen_cahn": true,
  "systematic_spread": 0.016535260513071526,
  "t_fit_min": 20,
  "t_max": 8000,
  "times": [
    1.0,
    2.0,
    3.0,
    4.0,
    5.0,
    6.0,
    7.0,
    8.0,
    10.0,
    12.0,
    14.0,
    17.0,
    20.0,
    24.0,
    28.0,
    34.0,
    40.0,
    48.0,
    58.0,
    69.0,
    82.0,
    98.0,
    117.0,
    139.0,
    166.0,
    198.0,
    236.0,
    281.0,
    335.0,
    400.0,
    477.0,
    569.0,
    679.0,
    809.0,
    965.0,
    1151.0,
    1373.0,
    1638.0,
    1954.0,
    2330.0,
    2779.0,
    3315.0,
    3953.0,
    4715.0,
    5624.0,
    6707.0,
    8000.0
  ],
  "wall_seconds": 34.12225580215454
}
