{
  "T": [
    1.5,
    1.600000023841858,
    1.7000000476837158,
    1.7999999523162842,
    1.899999976158142,
    2.0,
    2.0999999046325684,
    2.200000047683716,
    2.299999952316284,
    2.4000000953674316,
    2.5,
    2.5999999046325684,
    2.700000047683716,
    2.799999952316284,
    2.9000000953674316,
    3.0,
    3.0999999046325684,
    3.200000047683716,
    3.299999952316284,
    3.4000000953674316,
    3.5
  ],
  "abs_mag": [
    0.986534833908081,
    0.9796992540359497,
    0.9700681567192078,
    0.956818699836731,
    0.9380121231079102,
    0.911198616027832,
    0.8691622018814087,
    0.7858092784881592,
    0.3094924986362457,
    0.07717785984277725,
    0.04906646907329559,
    0.03730560466647148,
    0.031066039577126503,
    0.026477904990315437,
    0.02336834743618965,
    0.021125854924321175,
    0.019211364910006523,
    0.018076172098517418,
    0.01689819246530533,
    0.015944091603159904,
    0.015432312153279781
  ],
  "abs_mag_err": [
    3.550915789674036e-05,
    4.3989650293951854e-05,
    5.836240598000586e-05,
    7.924735109554604e-05,
    0.00010774828115245327,
    0.0001549792505102232,
    0.00024601235054433346,
    0.0005526835448108613,
    0.003871074179187417,
    0.0012913441751152277,
    0.0008392503950744867,
    0.0006339266547001898,
    0.0005247335648164153,
    0.00045380130177363753,
    0.0003953554842155427,
    0.0003605780366342515,
    0.0003264698607381433,
    0.0003018026181962341,
    0.0002924890141002834,
    0.00026267493376508355,
    0.0002616443089209497
  ],
  "chi": [
    0.02734375,
    0.040283203125,
    0.0660615786910057,
    0.1150173619389534,
    0.20096628367900848,
    0.39306640625,
    0.9444754719734192,
    4.547230243682861,
    895.3351440429688,
    63.417991638183594,
    24.98958969116211,
    13.820941925048828,
    9.190789222717285,
    6.50479793548584,
    4.849104404449463,
    3.8539810180664062,
    3.0722320079803467,
    2.604532241821289,
    2.26656436920166,
    1.8894126415252686,
    1.7553844451904297
  ],
  "chi_abs": [
    0.02734375,
    0.040283203125,
    0.0660615786910057,
    0.1150173619389534,
    0.20096628367900848,
    0.39306640625,
    0.9444754719734192,
    4.547230243682861,
    213.38693237304688,
    22.75649642944336,
    9.227323532104492,
    5.062176704406738,
    3.3400015830993652,
    2.408830404281616,
    1.765265941619873,
    1.419416904449463,
    1.1260490417480469,
    0.9322419762611389,
    0.8490592837333679,
    0.6646471619606018,
    0.6406006813049316
  ],
  "config": {
    "L": 128,
    "T_max": 3.5,
    "T_min": 1.5,
    "device": "cuda",
    "n_burnin": 8000,
    "n_sweeps": 40000,
    "n_temps": 21,
    "sample_every": 20,
    "seed": 1002
  },
  "energy": [
    -1.951239824295044,
    -1.9284600019454956,
    -1.8981069326400757,
    -1.8592206239700317,
    -1.8090553283691406,
    -1.7452348470687866,
    -1.6624151468276978,
    -1.5471645593643188,
    -1.3485280275344849,
    -1.204408049583435,
    -1.1058400869369507,
    -1.0283467769622803,
    -0.9638481736183167,
    -0.9085106253623962,
    -0.8598127365112305,
    -0.8177990913391113,
    -0.7797879576683044,
    -0.7446961402893066,
    -0.713652491569519,
    -0.6860864162445068,
    -0.6601547598838806
  ],
  "experiment": "M01-ising-verification",
  "generated_at": "2026-07-23T06:12:07.073319+00:00",
  "headline": "χ peaked at T≈2.300 vs Onsager 2.2692 · 10s on GPU",
  "provenance": {
    "dependencies": {
      "matplotlib": "3.11.1",
      "numpy": "2.5.1",
      "torch": "2.10.0.dev20251031+rocm6.4"
    },
    "platform": "linux-x86_64",
    "python": "3.14.4",
    "source_clean": true,
    "source_commit": "436220a0421189b64de62cf0ec08394d88543ce8",
    "source_diff_sha256": null,
    "source_tree_sha256": "993d4377edb0020647d4afd96e61fb98ed6c5378cb0bb2fd3d4034081308e5ee"
  },
  "public_receipt": {
    "claim_boundary": "Saved measurements can be regraded; this receipt is not a simulation rerun.",
    "omitted": [
      {
        "path": "snapshots",
        "reason": "large visual lattice snapshots",
        "sha256": "67b41f4816e86b40efe28c5dae3ba08b8690fa82bccddd9a93c6dd41fced80dc"
      }
    ],
    "schema": "windowsill.measurement-receipt.v1",
    "source_report_sha256": "2bddcb506f627990bfd5285c93227ede224883871eb886d2bfdc4386ccc5619e"
  },
  "report_schema_version": 1,
  "reproduction": {
    "regrade": "python -m lab.cli verify M01",
    "rerun": "python -m lab.cli run"
  },
  "specific_heat": [
    0.19946829974651337,
    0.2410935014486313,
    0.322926789522171,
    0.43693652749061584,
    0.5402499437332153,
    0.7419064044952393,
    0.938102662563324,
    1.423306941986084,
    2.18570876121521,
    1.1142269372940063,
    0.8928042054176331,
    0.7347995638847351,
    0.5891963243484497,
    0.514939546585083,
    0.42335236072540283,
    0.41175520420074463,
    0.3609941601753235,
    0.34799590706825256,
    0.27498021721839905,
    0.25457310676574707,
    0.25588417053222656
  ],
  "wall_seconds": 10.419738054275513
}
