{
  "T": [
    1.5,
    1.600000023841858,
    1.7000000476837158,
    1.7999999523162842,
    1.899999976158142,
    2.0,
    2.0999999046325684,
    2.200000047683716,
    2.299999952316284,
    2.4000000953674316,
    2.5,
    2.5999999046325684,
    2.700000047683716,
    2.799999952316284,
    2.9000000953674316,
    3.0,
    3.0999999046325684,
    3.200000047683716,
    3.299999952316284,
    3.4000000953674316,
    3.5
  ],
  "abs_mag": [
    0.986497700214386,
    0.9795545339584351,
    0.9701501131057739,
    0.9568763375282288,
    0.9381313323974609,
    0.9113419055938721,
    0.8687340617179871,
    0.7849821448326111,
    0.2379557490348816,
    0.07869745045900345,
    0.050409119576215744,
    0.037367675453424454,
    0.031199462711811066,
    0.026208313181996346,
    0.02336248755455017,
    0.021258361637592316,
    0.019448181614279747,
    0.017974121496081352,
    0.01677044667303562,
    0.016443055123090744,
    0.015290527604520321
  ],
  "abs_mag_err": [
    3.506916982587427e-05,
    4.486353282118216e-05,
    6.038655556039885e-05,
    7.93517247075215e-05,
    0.00010879634646698833,
    0.00015675736358389258,
    0.00024400759139098227,
    0.0005640046438202262,
    0.003353217151015997,
    0.0012452586088329554,
    0.0008519736584275961,
    0.0006460899603553116,
    0.0005081571871414781,
    0.0004380241734907031,
    0.0003986370866186917,
    0.0003560333279892802,
    0.0003205568064004183,
    0.0003003454767167568,
    0.00028493496938608587,
    0.00028277552337385714,
    0.00025498546892777085
  ],
  "chi": [
    0.02669270895421505,
    0.04150390625,
    0.06893382221460342,
    0.1144748330116272,
    0.2045641541481018,
    0.40283203125,
    0.9281994700431824,
    4.734996318817139,
    538.6837158203125,
    63.377079010009766,
    26.097087860107422,
    14.024731636047363,
    9.031821250915527,
    6.260721683502197,
    4.878193378448486,
    3.846999168395996,
    3.0845470428466797,
    2.577328681945801,
    2.2014622688293457,
    2.0666580200195312,
    1.7021856307983398
  ],
  "chi_abs": [
    0.02669270895421505,
    0.04150390625,
    0.06893382221460342,
    0.1144748330116272,
    0.2045641541481018,
    0.40283203125,
    0.9281994700431824,
    4.734996318817139,
    160.11363220214844,
    21.161212921142578,
    9.509223937988281,
    5.25830078125,
    3.132312059402466,
    2.2442476749420166,
    1.7946926355361938,
    1.3838624954223633,
    1.0856276750564575,
    0.9232619404792786,
    0.8057685494422913,
    0.7702598571777344,
    0.6084088087081909
  ],
  "config": {
    "L": 128,
    "T_max": 3.5,
    "T_min": 1.5,
    "device": "cuda",
    "n_burnin": 8000,
    "n_sweeps": 40000,
    "n_temps": 21,
    "sample_every": 20,
    "seed": 1004
  },
  "energy": [
    -1.9510749578475952,
    -1.9280303716659546,
    -1.8984118700027466,
    -1.859416127204895,
    -1.8091521263122559,
    -1.7456347942352295,
    -1.661979079246521,
    -1.5464354753494263,
    -1.3427244424819946,
    -1.2047078609466553,
    -1.1053439378738403,
    -1.0284438133239746,
    -0.9632512331008911,
    -0.9083425402641296,
    -0.8597851395606995,
    -0.8173120021820068,
    -0.7790262699127197,
    -0.7447019219398499,
    -0.7143158912658691,
    -0.6864382028579712,
    -0.6600738763809204
  ],
  "experiment": "M01-ising-verification",
  "generated_at": "2026-07-23T14:13:02.954657+00:00",
  "headline": "χ peaked at T≈2.300 vs Onsager 2.2692 · 10s on GPU",
  "provenance": {
    "dependencies": {
      "matplotlib": "3.11.1",
      "numpy": "2.5.1",
      "torch": "2.10.0.dev20251031+rocm6.4"
    },
    "platform": "linux-x86_64",
    "python": "3.14.4",
    "source_clean": true,
    "source_commit": "65e352b7d664ba528dc024b05ddfe26efea30e6d",
    "source_diff_sha256": null,
    "source_tree_sha256": "993d4377edb0020647d4afd96e61fb98ed6c5378cb0bb2fd3d4034081308e5ee"
  },
  "public_receipt": {
    "claim_boundary": "Saved measurements can be regraded; this receipt is not a simulation rerun.",
    "omitted": [
      {
        "path": "snapshots",
        "reason": "large visual lattice snapshots",
        "sha256": "7c76b0a56ed412850ccbab7b2ba258bfe59be3e56c9bb534b24533ba0fa7c4af"
      }
    ],
    "schema": "windowsill.measurement-receipt.v1",
    "source_report_sha256": "e997d1a6e34752cfeff3ddb58c436fab6c165bd8d7fa16486ee8380bc021fddf"
  },
  "report_schema_version": 1,
  "reproduction": {
    "regrade": "python -m lab.cli verify M01",
    "rerun": "python -m lab.cli run"
  },
  "specific_heat": [
    0.19409261643886566,
    0.25065550208091736,
    0.3407348096370697,
    0.446865439414978,
    0.5608240365982056,
    0.7358251214027405,
    0.99367755651474,
    1.446158528327942,
    1.764601469039917,
    1.1283742189407349,
    0.8808737397193909,
    0.729645848274231,
    0.593400776386261,
    0.5143280625343323,
    0.4393472671508789,
    0.40286076068878174,
    0.3622131049633026,
    0.3156043291091919,
    0.3032722473144531,
    0.26519155502319336,
    0.25208908319473267
  ],
  "wall_seconds": 10.41730785369873
}
