{
  "experiment": "M14-random-bond-nishimori",
  "headline": "2D random-bond Ising (\u00b1J, 64 disorder realizations) on the Nishimori line: measured disorder-averaged energy matches the exact \u22122\u00b7tanh(1/T) across p\u2208[0.04,0.16] to within \u0394=0.015 (L=24) \u2014 exact Nishimori-line energy reproduced. Ferro order collapses near p\u22480.126, bracketing the multicritical Nishimori point p_c\u22480.1094, T_c\u22480.9528 (precise pinning deferred \u2014 a hero run) \u00b7 204s",
  "p_values": [
    0.04,
    0.06,
    0.08,
    0.1,
    0.1094,
    0.12,
    0.14,
    0.16
  ],
  "T_values": [
    0.6293159608882497,
    0.7268669206316338,
    0.8188844464102393,
    0.9102392266268373,
    0.9537959755219029,
    1.0037992976837764,
    1.1017523573403631,
    1.2061067040286173
  ],
  "L_values": [
    12,
    24
  ],
  "gate_L": 24,
  "energy_by_L": {
    "12": [
      -1.8406388759613037,
      -1.7551283836364746,
      -1.6883007287979126,
      -1.6130036115646362,
      -1.5622683763504028,
      -1.5014986991882324,
      -1.4257867336273193,
      -1.3588401079177856
    ],
    "24": [
      -1.824889898300171,
      -1.7464367151260376,
      -1.6736255884170532,
      -1.5914921760559082,
      -1.5491132736206055,
      -1.5203431844711304,
      -1.430184006690979,
      -1.3637316226959229
    ]
  },
  "energy_err_by_L": {
    "12": [
      0.006839220877736807,
      0.006779777351766825,
      0.007776482496410608,
      0.008447825908660889,
      0.008399387821555138,
      0.008153330534696579,
      0.007385056000202894,
      0.007593004032969475
    ],
    "24": [
      0.006263922434300184,
      0.005156706552952528,
      0.004564858507364988,
      0.004719144199043512,
      0.004147293511778116,
      0.003929488826543093,
      0.003304501995444298,
      0.0027718909550458193
    ]
  },
  "abs_mag_by_L": {
    "12": [
      0.957679033279419,
      0.9651483297348022,
      0.9327324628829956,
      0.8572131395339966,
      0.7694450616836548,
      0.6730911135673523,
      0.5002807974815369,
      0.3882352411746979
    ],
    "24": [
      0.8483901023864746,
      0.8259512186050415,
      0.8143349289894104,
      0.7198857069015503,
      0.5855417251586914,
      0.5670795440673828,
      0.3501186966896057,
      0.2157829850912094
    ]
  },
  "binder_by_L": {
    "12": [
      0.6546440889656346,
      0.6649706970999109,
      0.6626418095307909,
      0.6460502812840383,
      0.6162154009212806,
      0.5747158983351619,
      0.48000292324154914,
      0.37556516628235515
    ],
    "24": [
      0.604039008728728,
      0.6022897354219503,
      0.6125230118933889,
      0.5924061699758474,
      0.5280797051055206,
      0.5354076644568683,
      0.36888401906111223,
      0.18034401531119104
    ]
  },
  "energy_exact": [
    -1.84,
    -1.76,
    -1.68,
    -1.6,
    -1.5624,
    -1.52,
    -1.44,
    -1.36
  ],
  "calibration_points": [
    {
      "p": 0.04,
      "T": 0.6293159608882497,
      "energy": -1.824889898300171,
      "energy_err": 0.006263922434300184,
      "energy_exact": -1.84,
      "abs_dev": 0.015110101699829181
    },
    {
      "p": 0.06,
      "T": 0.7268669206316338,
      "energy": -1.7464367151260376,
      "energy_err": 0.005156706552952528,
      "energy_exact": -1.76,
      "abs_dev": 0.013563284873962411
    },
    {
      "p": 0.08,
      "T": 0.8188844464102393,
      "energy": -1.6736255884170532,
      "energy_err": 0.004564858507364988,
      "energy_exact": -1.68,
      "abs_dev": 0.006374411582946715
    },
    {
      "p": 0.1,
      "T": 0.9102392266268373,
      "energy": -1.5914921760559082,
      "energy_err": 0.004719144199043512,
      "energy_exact": -1.6,
      "abs_dev": 0.008507823944091886
    },
    {
      "p": 0.1094,
      "T": 0.9537959755219029,
      "energy": -1.5491132736206055,
      "energy_err": 0.004147293511778116,
      "energy_exact": -1.5624,
      "abs_dev": 0.013286726379394542
    },
    {
      "p": 0.12,
      "T": 1.0037992976837764,
      "energy": -1.5203431844711304,
      "energy_err": 0.003929488826543093,
      "energy_exact": -1.52,
      "abs_dev": 0.00034318447113035333
    },
    {
      "p": 0.14,
      "T": 1.1017523573403631,
      "energy": -1.430184006690979,
      "energy_err": 0.003304501995444298,
      "energy_exact": -1.44,
      "abs_dev": 0.009815993309020943
    },
    {
      "p": 0.16,
      "T": 1.2061067040286173,
      "energy": -1.3637316226959229,
      "energy_err": 0.0027718909550458193,
      "energy_exact": -1.36,
      "abs_dev": 0.003731622695922754
    }
  ],
  "max_energy_dev": 0.015110101699829181,
  "energy_resolved": true,
  "on_nishimori_line": true,
  "mnp_order_p_half": 0.12618356213834125,
  "binder_crossing_p": null,
  "p_c_benchmark": 0.1094,
  "t_c_benchmark": 0.9528,
  "n_realizations": 64,
  "wall_seconds": 204.23782515525818,
  "config": {
    "p_values": [
      0.04,
      0.06,
      0.08,
      0.1,
      0.1094,
      0.12,
      0.14,
      0.16
    ],
    "L_values": [
      12,
      24
    ],
    "gate_L": 24,
    "n_realizations": 64,
    "n_sweeps": 10000,
    "n_burnin": 4000,
    "seed": 42,
    "device": "cpu",
    "model": "random-bond-ising-2d",
    "disorder": "bimodal-pm-J",
    "line": "nishimori",
    "updater": "checkerboard-metropolis"
  }
}