{
  "experiment": "M17-kpz-growth",
  "headline": "1+1d single-step growth on a ring (L=4096, 64 rings, 8,000 sweeps): β=0.3127 against the exact KPZ 1/3, with α=0.4840 from saturation (exact 1/2) giving z=α/β=1.548 (exact 3/2) and 1/z=0.646 (exact 2/3). Same pipeline on the controls: Edwards–Wilkinson β=0.2354 (exact 1/4) and random deposition β=0.5003 (exact 1/2, and its w²(t) tracks the closed form p(1−p)t to 0.6%) — three separated classes, so the 1/3 is a measurement and not an artifact of the fit. Height fluctuations are skewed -0.1651 (droplet) and -0.2732 (flat) against the λ<0-mirrored Tracy–Widom predictions -0.2241 (GUE) and -0.2935 (GOE): each geometry lands nearer its own law (2.2× and 2.4×). · 337s",
  "status": "pass",
  "beta": 0.31266261784824767,
  "beta_stderr": 0.0014675905413829601,
  "beta_exact": 0.3333333333333333,
  "alpha": 0.48404666276614366,
  "alpha_exact": 0.5,
  "z": 1.5481437022991922,
  "z_exact": 1.5,
  "inv_z": 0.6459348692985487,
  "inv_z_exact": 0.6666666666666666,
  "kpz_fit": {
    "exponent": 0.31266261784824767,
    "stderr": 0.0014675905413829601,
    "r2": 0.9994054842274488,
    "n_points": 29,
    "t_lo": 23.0,
    "t_hi": 8000.0,
    "w_lo": 1.6805943958702918,
    "w_hi": 10.13962914615119
  },
  "growth": {
    "kpz": {
      "model": "kpz",
      "L": 4096,
      "batch": 64,
      "t_max": 8000,
      "times": [
        1,
        2,
        3,
        4,
        5,
        7,
        8,
        10,
        12,
        15,
        19,
        23,
        28,
        35,
        43,
        53,
        65,
        81,
        99,
        122,
        151,
        186,
        229,
        282,
        348,
        429,
        529,
        651,
        803,
        989,
        1219,
        1503,
        1852,
        2283,
        2813,
        3467,
        4273,
        5267,
        6491,
        8000
      ],
      "width": [
        0.8556668199679222,
        0.9399380436990896,
        0.9879413363581719,
        1.051079969245853,
        1.1140915687299144,
        1.212477611234985,
        1.2524771359402926,
        1.3304028325046144,
        1.3968925954933031,
        1.4836280894161358,
        1.5866572507230843,
        1.6805943958702918,
        1.7768804186784934,
        1.8977758715023536,
        2.013789582919001,
        2.1376923724385293,
        2.2726472024797157,
        2.4255024892340695,
        2.592609541035812,
        2.7726873002738963,
        2.9858135926705565,
        3.184347335060544,
        3.414345337254804,
        3.6410584681678353,
        3.9260113809497605,
        4.1691507149027895,
        4.416717429885532,
        4.758847273964506,
        5.112471161256801,
        5.474778229580686,
        5.870425762352887,
        6.328475532633437,
        6.735079123706849,
        7.053776853448596,
        7.431180889192843,
        7.93527692293522,
        8.41057583054137,
        9.075654656626382,
        9.417569866256024,
        10.13962914615119
      ],
      "width_sq": [
        0.7322145812213421,
        0.8835259042680264,
        0.9762091599404812,
        1.104987807571888,
        1.241408046334982,
        1.4704605378210545,
        1.5690777897834778,
        1.7705891840159893,
        1.9519858434796333,
        2.201971910893917,
        2.5186627693474293,
        2.825721714645624,
        3.1587320528924465,
        3.6034532003104687,
        4.05789927765727,
        4.573704294860363,
        5.170772269368172,
        5.891027972102165,
        6.730813395231962,
        7.699669074267149,
        8.930454678833485,
        10.162508182227612,
        11.690545681864023,
        13.296739179641008,
        15.463632807135582,
        17.461375690996647,
        19.616775415837765,
        22.77257812768221,
        26.323806691914797,
        30.208207193762064,
        34.69831761345267,
        40.31238150969148,
        45.81747229397297,
        50.35149274393916,
        56.02783275395632,
        63.7952009961009,
        72.1116219945252,
        84.1366132311523,
        92.13804981857538,
        107.8175975382328
      ],
      "fit": {
        "exponent": 0.31266261784824767,
        "stderr": 0.0014675905413829601,
        "r2": 0.9994054842274488,
        "n_points": 29,
        "t_lo": 23.0,
        "t_hi": 8000.0,
        "w_lo": 1.6805943958702918,
        "w_hi": 10.13962914615119
      },
      "wall_seconds": 58.15164923667908,
      "w_final_over_sqrtL": 0.15843170540861234
    },
    "ew": {
      "model": "ew",
      "L": 2048,
      "batch": 64,
      "t_max": 2000,
      "times": [
        1,
        2,
        3,
        4,
        5,
        6,
        7,
        8,
        10,
        12,
        14,
        17,
        20,
        24,
        29,
        34,
        41,
        49,
        58,
        70,
        83,
        99,
        118,
        141,
        168,
        201,
        240,
        286,
        341,
        407,
        486,
        580,
        693,
        826,
        986,
        1177,
        1404,
        1676,
        2000
      ],
      "width": [
        0.9054933197372463,
        1.071491555192067,
        1.1851755586610715,
        1.2692511773376396,
        1.3501079541134864,
        1.4156099063616718,
        1.4748729072709708,
        1.5247177397230565,
        1.5996212389985736,
        1.67566148329521,
        1.7486155400402013,
        1.8333888409972152,
        1.9055084771583124,
        2.0017113548096077,
        2.0926896435763123,
        2.180561296231419,
        2.275199318185584,
        2.381862740512912,
        2.489278574580255,
        2.5823170375330737,
        2.6821680033727286,
        2.8099706344116733,
        2.925736080590857,
        3.0614615552829076,
        3.190137942219019,
        3.3104786134952997,
        3.4676567381370482,
        3.5739892861236875,
        3.7291056933197333,
        3.8917423614013353,
        4.055035189320645,
        4.229389588751317,
        4.4405869662684285,
        4.614103995903635,
        4.803715823526254,
        5.047349507524052,
        5.206238602036704,
        5.483542772899736,
        5.660206160901103
      ],
      "width_sq": [
        0.8201079805857105,
        1.1486017801231498,
        1.4054159327334672,
        1.6118302929787964,
        1.8238157196122224,
        2.005674356296391,
        2.1769875369317324,
        2.326621766658833,
        2.561104903818001,
        2.8105764882679587,
        3.0606274870072836,
        3.3654113980879456,
        3.6369717097414327,
        4.013342805446422,
        4.388496946155885,
        4.7663230097886675,
        5.186549604527906,
        5.684581338127334,
        6.210251884755644,
        6.682015450884005,
        7.210012972144455,
        7.919603044044322,
        8.587289903394623,
        9.3945905459585,
        10.21302855029218,
        10.995805268544698,
        12.071219658188156,
        12.848338709148836,
        14.007127920129758,
        15.243771623301186,
        16.56524284873668,
        18.083500250351932,
        19.93769779690784,
        21.508099274698925,
        23.289643227478855,
        25.78521447807286,
        27.391431364868808,
        30.450671555856317,
        32.47268926479664
      ],
      "fit": {
        "exponent": 0.23538946652427226,
        "stderr": 0.0006266607589952567,
        "r2": 0.9998228447546541,
        "n_points": 27,
        "t_lo": 20.0,
        "t_hi": 2000.0,
        "w_lo": 1.9055084771583124,
        "w_hi": 5.660206160901103
      },
      "wall_seconds": 61.592411041259766,
      "w_final_over_sqrtL": 0.12507406747772012
    },
    "rd": {
      "model": "rd",
      "L": 2048,
      "batch": 64,
      "t_max": 2000,