{
  "experiment": "M09-heisenberg",
  "headline": "2D Heisenberg (T=0.7): \u27e8|m|\u27e9 drifts 0.478, 0.282, 0.142 across L=16, 32, 64 (ratios 0.590 \u2192 0.502) \u2014 Mermin\u2013Wagner confirmed: no finite-T order \u00b7 250s on GPU",
  "L_values": [
    16,
    32,
    64
  ],
  "T": 0.7,
  "abs_mag": [
    0.47819435596466064,
    0.28209465742111206,
    0.14155040681362152
  ],
  "abs_mag_err": [
    0.0030694780871272087,
    0.002927936613559723,
    0.0018441840074956417
  ],
  "chi": [
    3.442214012145996,
    12.528294563293457,
    19.88089370727539
  ],
  "energy": [
    -1.1615891456604004,
    -1.1496179103851318,
    -1.1476621627807617
  ],
  "acceptance": [
    0.5561861395835876,
    0.5584824085235596,
    0.5587099194526672
  ],
  "ratios": [
    0.5899163256580956,
    0.5017833662915299
  ],
  "slope_vs_inv_L": 7.052230834960939,
  "monotone_decreasing": true,
  "updater": "metropolis",
  "wall_seconds": 250.39315152168274,
  "config": {
    "L_values": [
      16,
      32,
      64
    ],
    "T": 0.7,
    "n_sweeps": 20000,
    "n_burnin": 8000,
    "over_relax": 3,
    "seed": 42,
    "updater": "metropolis",
    "model": "heisenberg"
  }
}