{
  "experiment": "M03-data-collapse",
  "headline": "data collapse: M\u00b7L^(\u03b2/\u03bd) onto one master curve at \u03b2/\u03bd=0.131 (2D Ising \u03b2=1/8 \u2192 \u03b2/\u03bd=0.125, loss=8.2e-03) \u00b7 711s",
  "L_values": [
    16,
    24,
    32,
    48
  ],
  "curves": [
    {
      "L": 16,
      "T": [
        2.1500000953674316,
        2.1640000343322754,
        2.177999973297119,
        2.192000150680542,
        2.2060000896453857,
        2.2200000286102295,
        2.2339999675750732,
        2.247999906539917,
        2.26200008392334,
        2.2760000228881836,
        2.2899999618530273,
        2.303999900817871,
        2.317999839782715,
        2.3320000171661377,
        2.3459999561309814,
        2.359999895095825
      ],
      "M": [
        0.83203125,
        0.8314843773841858,
        0.8206718564033508,
        0.8039531111717224,
        0.7855468988418579,
        0.7675937414169312,
        0.7605937719345093,
        0.7429531216621399,
        0.722281277179718,
        0.6990468502044678,
        0.6958125233650208,
        0.6642031073570251,
        0.6547812223434448,
        0.6228125095367432,
        0.5992031097412109,
        0.6053593754768372
      ],
      "M_err": [
        0.004896772094070911,
        0.00478733005002141,
        0.005821724887937307,
        0.006370346061885357,
        0.006953913252800703,
        0.0073000164702534676,
        0.007578546181321144,
        0.00827137753367424,
        0.00833448302000761,
        0.009181857109069824,
        0.008585675619542599,
        0.009358060546219349,
        0.009294393472373486,
        0.010241995565593243,
        0.010422605089843273,
        0.00970772746950388
      ],
      "wall_seconds": 96.66738295555115
    },
    {
      "L": 24,
      "T": [
        2.1500000953674316,
        2.1640000343322754,
        2.177999973297119,
        2.192000150680542,
        2.2060000896453857,
        2.2200000286102295,
        2.2339999675750732,
        2.247999906539917,
        2.26200008392334,
        2.2760000228881836,
        2.2899999618530273,
        2.303999900817871,
        2.317999839782715,
        2.3320000171661377,
        2.3459999561309814,
        2.359999895095825
      ],
      "M": [
        0.8325416445732117,
        0.8247986435890198,
        0.8081180453300476,
        0.7990833520889282,
        0.7675485610961914,
        0.7589583396911621,
        0.7593263983726501,
        0.7099097967147827,
        0.6900139451026917,
        0.6500555872917175,
        0.6365903615951538,
        0.6076874732971191,
        0.5840694308280945,
        0.5212430357933044,
        0.49154165387153625,
        0.49048614501953125
      ],
      "M_err": [
        0.0038227892946451902,
        0.004279567860066891,
        0.004682956263422966,
        0.004855624865740538,
        0.006060741376131773,
        0.005955851636826992,
        0.005498894024640322,
        0.007089139427989721,
        0.0078117274679243565,
        0.008630387485027313,
        0.009035198017954826,
        0.009606021456420422,
        0.009517163038253784,
        0.009880694560706615,
        0.010368363000452518,
        0.010152841918170452
      ],
      "wall_seconds": 135.9121470451355
    },
    {
      "L": 32,
      "T": [
        2.1500000953674316,
        2.1640000343322754,
        2.177999973297119,
        2.192000150680542,
        2.2060000896453857,
        2.2200000286102295,
        2.2339999675750732,
        2.247999906539917,
        2.26200008392334,
        2.2760000228881836,
        2.2899999618530273,
        2.303999900817871,
        2.317999839782715,
        2.3320000171661377,
        2.3459999561309814,
        2.359999895095825
      ],
      "M": [
        0.8365625143051147,
        0.824511706829071,
        0.8115429878234863,
        0.7960078120231628,
        0.7875937223434448,
        0.7584648728370667,
        0.7329491972923279,
        0.6931250095367432,
        0.6709336042404175,
        0.6445937752723694,
        0.603097677230835,
        0.554574191570282,
        0.5080429911613464,
        0.47764062881469727,
        0.43153125047683716,
        0.3825624883174896
      ],
      "M_err": [
        0.0025653131306171417,
        0.002885301597416401,
        0.0036405876744538546,
        0.0037627776619046926,
        0.0039589484222233295,
        0.005079364404082298,
        0.005831598304212093,
        0.00703812763094902,
        0.007277210708707571,
        0.007783098611980677,
        0.008361903950572014,
        0.009458563290536404,
        0.009879671037197113,
        0.00962976086884737,
        0.00955088809132576,
        0.009418405592441559
      ],
      "wall_seconds": 174.84030103683472
    },
    {
      "L": 48,
      "T": [
        2.1500000953674316,
        2.1640000343322754,
        2.177999973297119,
        2.192000150680542,
        2.2060000896453857,
        2.2200000286102295,
        2.2339999675750732,
        2.247999906539917,
        2.26200008392334,
        2.2760000228881836,
        2.2899999618530273,
        2.303999900817871,
        2.317999839782715,
        2.3320000171661377,
        2.3459999561309814,
        2.359999895095825
      ],
      "M": [
        0.8338767290115356,
        0.8258975148200989,
        0.8093298077583313,
        0.7926944494247437,
        0.7702309489250183,
        0.7550034523010254,
        0.7176250219345093,
        0.6916042566299438,
        0.6535642147064209,
        0.5791458487510681,
        0.5372378826141357,
        0.4846354126930237,
        0.42298784852027893,
        0.3791094124317169,
        0.3412500023841858,
        0.30306947231292725
      ],
      "M_err": [
        0.0019795545376837254,
        0.0021431392524391413,
        0.0023994422517716885,
        0.0027747368440032005,
        0.0038654273375868797,
        0.003715957747772336,
        0.0050227041356265545,
        0.005655675660818815,
        0.006371276918798685,
        0.008222009986639023,
        0.008612165227532387,
        0.009223926812410355,
        0.008899116888642311,
        0.00879152212291956,
        0.008234993554651737,
        0.007701952010393143
      ],
      "wall_seconds": 302.92443108558655
    }
  ],
  "beta_over_nu_fit": 0.13089149226651486,
  "beta_over_nu_theory": 0.125,
  "inv_nu_fit": 1.0914125808223547,
  "inv_nu": 1.0,
  "nu": 1.0,
  "tc": 2.269185314213022,
  "collapse_quality": 0.00822654702415687,
  "master_curve": {
    "centers": [
      -1.9069635015294466,
      -1.7608766843270858,
      -1.6147898671247252,
      -1.4687030499223643,
      -1.3226162327200037,
      -1.176529415517643,
      -1.030442598315282,
      -0.8843557811129215,
      -0.7382689639105606,
      -0.5921821467081998,
      -0.4460953295058392,
      -0.30000851230347836,
      -0.15392169510111753,
      -0.00783487789875692,
      0.1382519393036037,
      0.2843387565059645,
      0.43042557370832535,
      0.5765123909106862,
      0.722599208113047,
      0.8686860253154074,
      1.0147728425177682,
      1.160859659720129,
      1.3069464769224899,
      1.4530332941248503
    ],
    "mean_y": [
      1.188682790795471,
      1.1778570763970242,
      1.1650768386791992,
      1.1530674151070053,
      1.1424118423531384,
      1.131548684898175,
      1.12068598109723,
      1.1083292570225867,
      1.0908786128429069,
      1.0742137124741205,
      1.0585392479916678,
      1.0439384714111868,
      1.025920276335308,
      1.004385494275419,
      0.9836154138189994,
      0.9692125024032584,
      0.9521760235891097,
      0.9331648283800227,
      0.9170642907973658,
      0.8974967018994932,
      0.8765377815952652,
      0.8566161515893211,
      0.8346488325653817,
      0.8154205342716123
    ],