{
  "experiment": "M11-spin-glass-2d",
  "headline": "2D Edwards\u2013Anderson spin glass (L=16, 64 disorder realizations): \u27e8q\u00b2\u27e9 grows 0.011 \u2192 0.306 as T falls 2.00 \u2192 0.60 \u2014 P(q) broadens toward T=0 (T_c=0 in 2D, no finite-T glass phase) \u00b7 67s on GPU",
  "L": 16,
  "n_realizations": 64,
  "T": [
    0.6000000238418579,
    0.6933333873748779,
    0.7866666913032532,
    0.8799999952316284,
    0.9733333587646484,
    1.0666667222976685,
    1.1600000858306885,
    1.253333330154419,
    1.346666693687439,
    1.440000057220459,
    1.5333333015441895,
    1.6266666650772095,
    1.7200000286102295,
    1.81333327293396,
    1.90666663646698,
    2.0
  ],
  "q_bin_centers": [
    -0.9756097793579102,
    -0.9268292188644409,
    -0.8780487775802612,
    -0.8292683362960815,
    -0.7804877758026123,
    -0.7317073345184326,
    -0.6829268932342529,
    -0.6341463327407837,
    -0.585365891456604,
    -0.5365853309631348,
    -0.4878048896789551,
    -0.439024418592453,
    -0.39024391770362854,
    -0.34146344661712646,
    -0.292682945728302,
    -0.24390247464179993,
    -0.19512197375297546,
    -0.1463415026664734,
    -0.09756100922822952,
    -0.048780523240566254,
    0.0,
    0.048780523240566254,
    0.09756100922822952,
    0.1463415026664734,
    0.19512197375297546,
    0.24390247464179993,
    0.292682945728302,
    0.34146344661712646,
    0.39024391770362854,
    0.439024418592453,
    0.4878048896789551,
    0.5365853309631348,
    0.585365891456604,
    0.6341463327407837,
    0.6829268932342529,
    0.7317073345184326,
    0.7804877758026123,
    0.8292683362960815,
    0.8780487775802612,
    0.9268292188644409,
    0.9756097793579102
  ],
  "pq": [
    [
      0.0019218744710087776,
      0.07228383421897888,
      0.3396379351615906,
      0.5327863097190857,
      0.7847654223442078,
      0.7503851652145386,
      0.7351169586181641,
      0.6786352396011353,
      0.7171794772148132,
      0.5470935702323914,
      0.5119659900665283,
      0.44555455446243286,
      0.4858071208000183,
      0.41224205493927,
      0.4335962235927582,
      0.4291118383407593,
      0.48249727487564087,
      0.4077576994895935,
      0.4159790277481079,
      0.39579933881759644,
      0.473848819732666,
      0.3961196839809418,
      0.38191914558410645,
      0.3795701861381531,
      0.4412837326526642,
      0.42195820808410645,
      0.47673162817955017,
      0.5241378545761108,
      0.6697732210159302,
      0.6149998307228088,
      0.6160675287246704,
      0.6559998393058777,
      0.8169034123420715,
      0.7533748149871826,
      0.7699242830276489,
      0.7781456112861633,
      0.8570492267608643,
      0.5596925616264343,
      0.2768566906452179,
      0.05413280054926872,
      0.001388020347803831
    ],
    [
      0.00032031239243224263,
      0.01836457848548889,
      0.13730724155902863,
      0.3265050947666168,
      0.5962081551551819,
      0.6545050144195557,
      0.7168591618537903,
      0.7339425086975098,
      0.8475466966629028,
      0.703406035900116,
      0.6349659562110901,
      0.6088071465492249,
      0.6819450855255127,
      0.5711170434951782,
      0.5619347095489502,
      0.5589451193809509,
      0.6624060869216919,
      0.588093638420105,
      0.578697681427002,
      0.5632160305976868,
      0.6431872844696045,
      0.5380180478096008,
      0.5443175435066223,
      0.5443175435066223,
      0.6278123259544373,
      0.5350284576416016,
      0.5333201885223389,
      0.5187993049621582,
      0.6182029247283936,
      0.5481612682342529,
      0.5556352138519287,
      0.5581977367401123,
      0.6761795282363892,
      0.5530726909637451,
      0.4875154495239258,
      0.4076509177684784,
      0.39291656017303467,
      0.25859886407852173,
      0.16218484938144684,
      0.05071612820029259,
      0.0010677080135792494
    ],
    [
      0.0,
      0.00234895758330822,
      0.02316926419734955,
      0.08264060318470001,
      0.21642440557479858,
      0.28667959570884705,
      0.39526551961898804,
      0.4709659814834595,
      0.642973780632019,
      0.5884138941764832,
      0.6077394485473633,
      0.6240752935409546,
      0.7378929853439331,
      0.6431872844696045,
      0.6519424915313721,
      0.6559997797012329,
      0.778892993927002,
      0.6791690587997437,
      0.6632602214813232,
      0.6809841394424438,
      0.7861534357070923,
      0.6728695631027222,
      0.658455491065979,
      0.6549320816993713,
      0.783484160900116,
      0.6853617429733276,
      0.6971065998077393,
      0.7119477391242981,
      0.8070805072784424,
      0.6916612386703491,
      0.6920883655548096,
      0.6629399061203003,
      0.7607419490814209,
      0.5524321794509888,
      0.4768383800983429,
      0.3681457042694092,
      0.261588454246521,
      0.10944007337093353,
      0.030856763944029808,
      0.0038437487091869116,
      0.0
    ],
    [
      0.0,
      0.00032031239243224263,
      0.004911456722766161,
      0.026372388005256653,
      0.09192965924739838,
      0.1644270420074463,
      0.2609478533267975,
      0.3443358540534973,
      0.5134607553482056,
      0.531184732913971,
      0.6078461408615112,
      0.670734167098999,
      0.8394320607185364,
      0.7835909128189087,
      0.7985388040542603,
      0.8371898531913757,
      0.9944632649421692,
      0.8649502992630005,
      0.8588643074035645,
      0.8739190101623535,
      1.0016169548034668,
      0.8696482181549072,
      0.8470127582550049,
      0.8197862505912781,
      0.9518617391586304,
      0.753908634185791,
      0.7398148775100708,
      0.732340931892395,
      0.7817758321762085,
      0.629093587398529,
      0.5759216547012329,
      0.5022498369216919,
      0.47651809453964233,
      0.30515095591545105,
      0.21962754428386688,
      0.1307942271232605,
      0.0755937248468399,
      0.01633593440055847,
      0.0033098948188126087,
      0.00021354159980546683,
      0.0
    ],
    [
      0.0,
      0.00010677079990273342,
      0.00042708319961093366,
      0.002562499139457941,
      0.019966140389442444,
      0.05103643983602524,
      0.10420830547809601,
      0.18044264614582062,
      0.31166398525238037,
      0.36814573407173157,
      0.4566587209701538,
      0.560439944267273,
      0.7562575936317444,
      0.7320206165313721,
      0.8235231637954712,
      0.8952731490135193,
      1.0978174209594727,
      0.9769529104232788,
      1.0050334930419922,
      1.036637783050537,
      1.237046480178833,
      1.052119493484497,
      1.0481688976287842,
      1.0353565216064453,
      1.1626272201538086,
      0.9380882978439331,
      0.8715701103210449,
      0.7799607515335083,
      0.7926664352416992,
      0.58788001537323,
      0.4882628917694092,
      0.39857542514801025,
      0.3340858221054077,
      0.18759629130363464,
      0.11755464971065521,
      0.06107289716601372,
      0.02413020096719265,
      0.00352343637496233,
      0.00042708319961093366,
      0.00010677079990273342,
      0.0
    ],
    [
      0.0,
      0.0,
      0.0,
      0.00021354159980546683,
      0.0043776025995612144,
      0.01441405713558197,
      0.04057290405035019,
      0.08584372699260712,
      0.1658150553703308,
      0.2342551350593567,
      0.3321639597415924,
      0.45441654324531555,
      0.6969997882843018,
      0.7256143093109131,
      0.86815345287323,
      0.9928617477416992,
      1.2723877429962158,
      1.165830373764038,
      1.2540230751037598,
      1.2942756414413452,
      1.5332287549972534,
      1.2702522277832031,
      1.230853796005249,
      1.1648694276809692,
      1.2327755689620972,
      0.9525023698806763,
      0.8371898531913757,
      0.7136560678482056,
      0.6675310730934143,
      0.44416654109954834,
      0.32362228631973267,
      0.23030461370944977,
      0.16229161620140076,
      0.07708851993083954,
      0.03822394460439682,
