{
  "experiment": "M06-3d-ising",
  "headline": "3D simple-cubic Ising (L=12): \u03c7 peaks at T_c=4.504 vs MC benchmark 4.5115 (rel. err 0.2%) \u00b7 28s on CPU",
  "L": 12,
  "T": [
    4.1,
    4.14,
    4.18,
    4.22,
    4.26,
    4.3,
    4.34,
    4.38,
    4.42,
    4.46,
    4.5,
    4.54,
    4.58,
    4.62,
    4.66,
    4.7,
    4.74,
    4.78,
    4.82,
    4.86,
    4.9
  ],
  "chi": [
    0.6825741320756602,
    0.819836913713191,
    1.0313786127449929,
    1.2202608089964875,
    1.4444349615480214,
    2.094029182269002,
    2.478473855451909,
    3.8923798923502404,
    6.255306442718529,
    7.85296222255343,
    8.494396763880987,
    8.054307383921353,
    6.830474844828721,
    5.277951244056369,
    4.47947461449764,
    3.6690265216752387,
    3.171554095480929,
    2.4939171110986957,
    2.43472561325184,
    1.9571637922001295,
    1.923212684683261
  ],
  "abs_mag": [
    0.7094292534722239,
    0.6899406828703702,
    0.6680295138888881,
    0.6447186053240749,
    0.6164105902777789,
    0.5885554108796301,
    0.5510771122685177,
    0.5118164062500005,
    0.44609736689814833,
    0.38404079861111046,
    0.3235554108796292,
    0.2652965856481484,
    0.22378689236111124,
    0.18517795138888907,
    0.16555121527777783,
    0.14354239004629624,
    0.12923249421296287,
    0.11792462384259265,
    0.11229890046296298,
    0.10134837962962966,
    0.09637297453703703
  ],
  "abs_mag_err": [
    0.0010060857104917764,
    0.0011079803150808984,
    0.0012487207866016497,
    0.001364742438504433,
    0.0014918389264913063,
    0.0018046531014999877,
    0.0019724462411278535,
    0.0024832063207765047,
    0.0031623036507639943,
    0.003559199429088291,
    0.0037182678179781916,
    0.003636722521107539,
    0.0033637702615209953,
    0.0029697631523839447,
    0.002747733684700826,
    0.002497425225892494,
    0.0023318111364015303,
    0.0020764577333543433,
    0.0020602345737311006,
    0.0018548118444944145,
    0.0018462046351598372
  ],
  "energy": [
    -1.7787109374999988,
    -1.7233535879629616,
    -1.6638527199074074,
    -1.6047887731481478,
    -1.5361024305555537,
    -1.476011284722225,
    -1.3964236111111135,
    -1.3288382523148163,
    -1.2320833333333328,
    -1.150956307870371,
    -1.0783984374999995,
    -1.013151041666667,
    -0.966458333333333,
    -0.9269473379629629,
    -0.898569155092594,
    -0.8709085648148154,
    -0.8540755208333342,
    -0.8335402199074072,
    -0.8200202546296304,
    -0.80326388888889,
    -0.7895298032407395
  ],
  "specific_heat": [
    1.301130756182592,
    1.3879400484288373,
    1.5015270543401924,
    1.6181887237969559,
    1.537789169926713,
    1.8641270132175503,
    1.8220680593604108,
    1.98048875093168,
    2.126090604281319,
    2.067270091271721,
    1.8829341490554998,
    1.480908111630371,
    1.1172851130053052,
    0.7685847161392241,
    0.6309122015732912,
    0.5447515608495525,
    0.47851378190741783,
    0.3944174132581201,
    0.41637029474063886,
    0.3635540563298666,
    0.3581762673092921
  ],
  "tc_chi": 4.5,
  "tc_chi_refined": 4.503723360295689,
  "tc_cv": 4.42,
  "tc_benchmark": 4.5115,
  "rel_error": 0.0017237370507171982,
  "beta_3d": 0.3265,
  "gamma_3d": 1.2372,
  "nu_3d": 0.6301,
  "wall_seconds": 28.363982677459717,
  "config": {
    "L": 12,
    "T_min": 4.1,
    "T_max": 4.9,
    "n_temps": 21,
    "n_sweeps": 16000,
    "n_burnin": 6000,
    "seed": 42
  }
}